"","target_input.X0","target_input.X1","target_input.X2","target_input.X3","target_input.X4","target_input.X5","target_input.X6","target_input.X7","target_input.X8","target_input.X9","target_input.X10","target_input.X11","target_input.X12","target_input.X13","target_input.X14","target_input.X15","target_input.X16","target_input.X17","target_input.X18","target_input.X19","target_input.X20","target_input.X21","target_input.X22","target_input.X23","target_input.X24","target_input.X25","target_input.X26","target_input.X27","target_input.X28","target_input.X29","target_input.X30","target_input.X31","target_input.X32","target_input.X33","target_input.X34","target_input.X35","target_input.X36","target_input.X37","target_input.X38","target_input.X39","target_input.X40","target_input.X41","target_input.X42","target_input.X43","target_input.X44","target_input.X45","target_input.X46","target_input.X47","target_input.X48","target_input.X49","target_input.X50","target_input.X51","target_input.X52","target_input.X53","target_input.X54","target_input.X55","target_input.X56","target_input.X57","target_input.X58","target_input.X59","target_input.X60","target_input.X61","target_input.X62","target_input.X63","target_input.X64","target_input.X65","target_input.X66","target_input.X67","target_input.X68","target_input.X69","target_input.X70","target_input.X71","target_input.X72","target_input.X73","target_input.X74","target_input.X75","target_input.X76","target_input.X77","target_input.X78","target_input.X79","target_input.X80","target_input.X81","target_input.X82","target_input.X83","target_input.X84","target_input.X85","target_input.X86","target_input.X87","target_input.X88","target_input.X89","target_input.X90","target_input.X91","target_input.X92","target_input.X93","target_input.X94","target_input.X95","target_input.X96","target_input.X97","target_input.X98","target_input.X99","Y"
"0",1.01441987684375,0.278888458989144,0.599216866010513,0.119043226033545,0.775447945847484,0.812135298863911,0.182395497907285,0.679805546649989,0.406788820803496,0.219031335430566,0.210807290235171,0.775194472847514,0.547237252570209,0.208534443143236,0.325661265273893,0.713359659648816,0.31771745928492,0.594402717423606,0.854598404697861,0.468847186636302,0.936373163739615,0.333023066969425,0.131592839317132,0.906413347880271,0.901003533658957,0.172353798011759,0.964209534221684,0.931165566176725,0.834563988121549,0.539175408244309,0.393346523495173,0.398936320391168,0.469705973673343,0.978912238211137,0.66441448984301,0.979581646790951,0.479603408397302,0.619030418469022,0.872358792616265,0.183196735235818,0.28471028913646,0.257019839761965,0.711948211467259,0.29058621998902,0.506261021105552,0.564328888094915,0.520843943893106,0.934799659154904,0.633946279924563,0.417748322655453,0.686993377895291,0.823645655052072,0.826055554408926,0.613009388058989,0.650529977207312,0.475079589734451,0.763791399176461,0.994000194212672,0.377674362140425,0.338678745685798,0.341854162457133,0.625011343798535,0.428842122591967,0.626875792274679,0.688548332179236,0.544892749402412,0.353553634972575,0.175806377487887,0.537181628768531,0.944776573438266,0.337771429371336,0.538304598266562,0.841536590891617,0.118734427825608,0.254768572182952,0.557803416565369,0.368070109186968,0.848024785730719,0.888357093577995,0.62403161061165,0.801320163640765,0.431025866362,0.145092151418418,0.143675298654818,0.389801686244888,0.342755913405262,0.897133774506848,0.143920495590735,0.765488023672668,0.954820409217526,0.743303881476261,0.825219249229793,0.55913870110322,0.483886407691324,0.474604115480967,0.493583727414523,0.313272228755388,0.360780624900484,0.60750072104923,0.973633466194715,0.445612146040731
"1",0,0,0,0,0,0,0,0,0,0,0,0,0,0,0,0,0,0,0,0,0,0,0,0,0,0,0,0,0,0,0,0,0,0,0,0,0,0,0,0,0,0,0,0,0,0,0,0,0,0,0,0,0,0,0,0,0,0,0,0,0,0,0,0,0,0,0,0,0,0,0,0,0,0,0,0,0,0,0,0,0,0,0,0,0,0,0,0,0,0,0,0,0,0,0,0,0,0,0,0,0
"2",0.209604062779318,0.0734647443547605,0.0926930157407559,0.0974624873088196,0.0594993203332603,0.0935781895916077,0.100897317471009,0.0502356883902451,0.0782096044607488,0.067443884837323,0.100637217201891,0.0620766238683098,0.0721642960436563,0.0437528628354283,0.113726205275094,0.0433618192303535,0.0831692633762553,0.0782341070514048,0.0848195053657363,0.0857362529252537,0.115218984726479,0.0609660345049762,0.0390295073971599,0.0617239778770899,0.101229313938088,0.0633171105251527,0.0783631605854901,0.0852458379074743,0.09240532939415,0.0756638734638196,0.0488245959868732,0.0655665471757914,0.075413989289502,0.0570427945037249,0.0625872502726293,0.0663580211205675,0.102216925401157,0.0532291385003724,0.0627173969334435,0.0971733716407191,0.0476158242377775,0.0971272963212204,0.10929762018372,0.0635620106242113,0.0410415009205905,0.0526919566152466,0.0390901957028707,0.0684785230441467,0.100354271895422,0.0824008150168593,0.0563506544138245,0.0667348011402818,0.069548678181768,0.0827696953392913,0.0939049373421718,0.0490067673183345,0.0782271082530643,0.0762692636396767,0.0522978093431785,0.0504870964126246,0.0850268785347331,0.0968755631750096,0.0950313825335483,0.0549912379919294,0.0727357859845355,0.0661639048303083,0.0916417923168584,0.0860323911084828,0.0411069262699995,0.0492535006939997,0.0993633206565896,0.121277820547673,0.0635449986034424,0.066675407068352,0.0446778371685429,0.056331099674099,0.0909405049729107,0.0661726045007207,0.0881019591990715,0.104753077272432,0.0900951428836701,0.0978213746109097,0.0938002857322711,0.0704758119828686,0.0803171812256602,0.0597380976261615,0.0527591225631387,0.112408277615807,0.0796828616785347,0.0453516816091761,0.0524702908456943,0.0563826144145616,0.0725489579131409,0.107731338403214,0.0631743546263693,0.111944159801362,0.0870288126511016,0.0856902878531919,0.0969737704961021,0.0582318081861501,0.088462298578795
"3",0.110612816007039,0.0332209699110461,0.0371190036661769,0.0167374583640099,0.0458985052139043,0.0427392843590604,0.0371846819683819,0.0333261126304275,0.0268115415074731,0.041347833505432,0.0412764834686353,0.0288394710561343,0.0433914437994261,0.0463476572575488,0.052631685139244,0.0409523898579793,0.0545318573611357,0.0426988567395499,0.0478640566698825,0.0351760843642122,0.0318858191963793,0.0321816345092912,0.0297234650621797,0.01721640243051,0.0449387613864814,0.0451918567190436,0.0341529699528442,0.0149637903666546,0.0263768939844726,0.0387522466039687,0.0370786125211802,0.0409128252451045,0.0341257987340274,0.0220813784775439,0.032405089642747,0.0213883487221701,0.0518441246474913,0.0359466673732995,0.0132722043267611,0.0514059914466246,0.0416691764070379,0.0439648566001885,0.0592076769212237,0.0246393888419827,0.0201647275925846,0.038691863970162,0.0206698840430083,0.0554687871850919,0.0455970362427804,0.0408758212466569,0.0285906024254585,0.0210324604819378,0.025487198579405,0.0306415914153473,0.0278991913063749,0.0205204428795314,0.0229422386486263,0.0263390866922867,0.0291455279961859,0.0322191501949615,0.0602922717885087,0.0259462222943764,0.0219599596924023,0.0293500389499457,0.0554399215646933,0.0338418402171146,0.0310265296113324,0.0488244848520552,0.0326855101032799,0.0382216049382948,0.0423087873914231,0.0436130260138796,0.0524561833534616,0.0317482551553391,0.0413812310156742,0.0121217875649851,0.048446037711104,0.0437332975762733,0.0349606379930259,0.0328388100692367,0.0201688083607324,0.0256395638894508,0.0295598938570041,0.0221772068026565,0.0350675885574917,0.0365775326741902,0.052191953919838,0.0404779465253116,0.0219540952490907,0.0469213371193905,0.0429103597466932,0.0345482775480117,0.0298256788708197,0.0453639896027082,0.0501355817505699,0.0428578391542215,0.0361880565501496,0.0174708114258377,0.0402073973032053,0.0487174212995593,0.050394173772929
"4",0.0955860196378795,0.0136395185108794,0.023528348353114,0.0102894025469819,0.0424507533141403,0.0435229526503104,0.0312289072169909,0.0120503173282598,0.00942660297019472,0.0525907806713858,0.0406770001340328,0.0341762359669266,0.021449076520006,0.0190339612104591,0.0537837579780163,0.0313055485253638,0.0333110564430576,0.0534163644353036,0.0283985441688635,0.0197143615601026,0.0389562905844366,0.0200841851356825,0.0163674378651175,0.00688794315223451,0.0392687388495065,0.0394515432362649,0.0407254562730278,0.0103228850854796,0.0298396275708568,0.0425302416572067,0.031983340077522,0.0312782208816712,0.0144953198054276,0.0187324934275003,0.0423969939030516,0.0087954108020387,0.0394816459171183,0.0130116079465519,0.00769182560236596,0.0316309992269559,0.012384079165139,0.0466335832087694,0.0485676873327715,0.0258388998449891,0.0144020289031915,0.0365520534516597,0.0193550962465802,0.0455107037611561,0.04814103070602,0.0360963942709926,0.0219643846158377,0.0185919730258334,0.0169387123242369,0.0356911313242335,0.0211851756060872,0.010116089937955,0.0319787889341212,0.0133494533274613,0.0181375756792496,0.0245368641090143,0.0494709645045068,0.0347064630677973,0.0158242206689613,0.00770757016885217,0.041136266132953,0.0125718845623917,0.0187469779644002,0.0332697407361598,0.0112594710712681,0.0291511822923975,0.0476997367105866,0.0508903587689588,0.0419225438141388,0.0211504871449971,0.0257809753507574,0.0056429288430267,0.0475707589029298,0.0421898676253132,0.0140916302817797,0.0371373641086065,0.00917618822672845,0.0104299761695257,0.0344436864381337,0.013278278189364,0.0180561587669853,0.0240055366712531,0.0432384898527439,0.043525856671282,0.0182268460887248,0.0234276602333813,0.0188667941033467,0.0199245212502683,0.0144525598871221,0.0532095777369149,0.0502912994072063,0.0445951509844803,0.00568909196471423,0.0185213782725218,0.0324128487535087,0.054734998960514,0.0484509957105905
"5",0,0,0,0,0,0,0,0,0,0,0,0,0,0,0,0,0,0,0,0,0,0,0,0,0,0,0,0,0,0,0,0,0,0,0,0,0,0,0,0,0,0,0,0,0,0,0,0,0,0,0,0,0,0,0,0,0,0,0,0,0,0,0,0,0,0,0,0,0,0,0,0,0,0,0,0,0,0,0,0,0,0,0,0,0,0,0,0,0,0,0,0,0,0,0,0,0,0,0,0,0
"6",0.107127577553525,0.0152864255944803,0.0263692846762888,0.0115317990382605,0.0475764801703697,0.04877814248431,0.0349996494516053,0.0135053359164687,0.0105648205101705,0.0589408676741433,0.045588554717645,0.0383028541506881,0.0240389506441783,0.0213322216308314,0.0602778913248803,0.0350855448339805,0.0373332083082091,0.0598661367567047,0.0318275335073323,0.0220947770913477,0.0436600776619019,0.0225092551073185,0.0183437282553507,0.00771962957575504,0.0440102525711046,0.0442151297193923,0.0456428617052965,0.011569324434267,0.0334426208861456,0.0476655663533565,0.0358451764971048,0.035054917507096,0.0162455608309871,0.0209943530448064,0.0475162295657053,0.00985741488535758,0.0442488671559956,0.0145826978115733,0.00862057701395391,0.0354502921621644,0.0138793979100547,0.052264366909745,0.0544320049213033,0.0289588242875729,0.0161410054953616,0.0409655403135076,0.0216921321974346,0.0510059051015939,0.0539538315331425,0.0404548624507843,0.0246164797452885,0.0208368654719955,0.0189839813923211,0.0400006659278725,0.0237431849482179,0.0113375597547871,0.0358400758247526,0.0149613364177375,0.0203276018038285,0.0274995739200868,0.0554443485216959,0.0388971036558427,0.0177349201625973,0.00863822266206948,0.046103274904796,0.0140898799171031,0.0210105865207473,0.0372869039259192,0.01261899872982,0.0326710491098659,0.0534592533835471,0.0570351279026154,0.0469844918818073,0.0237043080201931,0.0288939056857568,0.00632428570151285,0.0533147021181551,0.0472840937736109,0.0157931277145547,0.0416215244525325,0.0102841693756964,0.0116893462581164,0.0386025979961219,0.0148815672197388,0.0202363541860722,0.026904091217588,0.0484593321549036,0.0487813971520222,0.0204276511912862,0.0262564389442849,0.0211448698894426,0.0223303125660137,0.0161976378556209,0.0596343815465538,0.0563637349679747,0.0499798036752633,0.00637602280090698,0.0207577467374891,0.036326546305901,0.0613439901383958,0.054301223339934
"7",1.01955546444299,0.351675758255195,0.402372038130012,0.578342803828199,0.373407527124108,0.154567196218084,0.295893260434927,0.711978916844967,0.207506804689111,0.456005458787197,0.102388422488141,0.210119524449342,0.925223779952109,0.284020852742283,0.741689299131877,0.494289353486852,0.876531535769438,0.506254479488395,0.152899411569539,0.15756476778463,0.596827788457996,0.310364557157801,0.763376665658961,0.720356561362204,0.619486548950355,0.693365501192094,0.41422104025387,0.502292236734977,0.154872048800551,0.481570279915383,0.624222234113943,0.535008528130802,0.154380156902852,0.38160753016744,0.36078330746182,0.259298002350264,0.452116081313366,0.214171710361929,0.118170223352436,0.431237452282612,0.674187481468528,0.507154513103199,0.253916654891374,0.652770042650162,0.609134987331502,0.713136288359665,0.205363602806307,0.852121873942922,0.294797492632343,0.538817578234178,0.447998604889349,0.487595557003739,0.936646143219518,0.727735268143755,0.931013323123502,0.617466647919823,0.926579755019752,0.7122162170971,0.842069935462504,0.537819123137732,0.300111592415841,0.812001994947967,0.535021034172351,0.833523618615728,0.449532222444876,0.170609167636982,0.292178665562069,0.382652224713628,0.84245876777732,0.595943258286715,0.193255149768864,0.238915433703936,0.893395643324482,0.554960990695305,0.154783007143169,0.892340499541869,0.660309270185168,0.560828226697303,0.191158053865333,0.521702154702121,0.936063620048732,0.313446569784271,0.126138790235807,0.437481485822244,0.52806887414619,0.822500383113042,0.979260727544529,0.738897833919017,0.278729966930666,0.468167576070309,0.356364034316044,0.701609671571701,0.680100601954016,0.755357174216121,0.400982279074274,0.82667338720155,0.345064529702969,0.651332622034253,0.998669144990967,0.199114579591069,0.236159241106779
"8",1.02468203189593,0.944250367571614,0.388189352388625,0.717379244342112,0.640096022598555,0.472489912723839,0.303238762123457,0.312327111928907,0.272192342160342,0.452687714013169,0.229986412972118,0.83798207038348,0.661242374057493,0.255668001486309,0.230217889229649,0.525621571622477,0.281949507221131,0.683978084309575,0.673254023622442,0.519355486469064,0.192182237204274,0.499630426671239,0.882289098704,0.441553033009535,0.517947018356484,0.119514965136615,0.941003021813579,0.687331227637496,0.919350261454465,0.839376650039994,0.424986176059913,0.972943718046194,0.251074989838654,0.850873651941837,0.285937133457877,0.636536295590394,0.711040330834481,0.280638813617453,0.874854702326036,0.906194689322261,0.677423749466512,0.329660252814862,0.176755091039115,0.463437798121602,0.175189329842904,0.117469873257885,0.896816033813338,0.751909228769494,0.607198315256318,0.397136879131436,0.495795919587439,0.664489149909887,0.10699656225615,0.516948824090558,0.917829894389337,0.404845916277782,0.850833211472248,0.810828616014326,0.264477770111039,0.600962669356632,0.561549545941847,0.126580401216721,0.881313913757878,0.758130254809602,0.525246513968178,0.183096966778742,0.794527678719888,0.65537928479316,0.591427840521087,0.767967996858114,0.862405459912813,0.496145524513526,0.936312212149387,0.100829083137731,0.564649027422099,0.670571466560042,0.824065321678104,0.392628432460883,0.741302719188712,0.87690701508425,0.384118458377171,0.761403173751384,0.372578163359403,0.886428730900826,0.602148628019612,0.549835490763595,0.313448510385405,0.550224489433087,0.667331597809358,0.402207155119016,0.321727333853485,0.319435091270075,0.560373452416969,0.777844083234936,0.659698101663547,0.11771206360854,0.341942458909537,0.811844289413618,0.745549416395448,0.647326026546031,0.364794874375739
"9",1.13047277216399,0.320842541810942,0.392676008484405,0.336512394980451,0.717531952614991,0.540704439362422,0.523401577798368,0.145197553315249,0.557038299403754,0.701127186902168,0.956407531665618,0.858649290787804,0.676170327584928,0.951248397874997,0.865040418185062,0.615625469000439,0.399860867583315,0.884056741350675,0.476478386306043,0.479169765425072,0.574369933667447,0.545526266324626,0.98599221644767,0.621835432952421,0.840997808591203,0.432332092982445,0.51261906139246,0.128141308559218,0.9467004064594,0.689386383968305,0.313704083942823,0.481303962410371,0.66445371615288,0.474375016217294,0.894396031577653,0.828189778940185,0.804171143820256,0.41311020691434,0.564536945968186,0.739624341795141,0.823296101364,0.935853602660214,0.518996220931929,0.119402293819772,0.339140972145955,0.407805424493383,0.185259825330905,0.120598438447274,0.158011969046028,0.465848682608128,0.452817753053253,0.749483186028137,0.637606940132328,0.151896532395069,0.325241701245662,0.290289667224127,0.363909605839045,0.653931347413387,0.802323133420603,0.816286498460871,0.605500835201453,0.272813245353295,0.518418674791151,0.655824920372144,0.743314423762576,0.339459910548031,0.417859285477833,0.824025859288665,0.944205678749756,0.643670343441739,0.114378547717797,0.320846093728247,0.827841493399416,0.278718138747497,0.188946051657674,0.198544183923758,0.796444969652046,0.876767235194012,0.167192102259293,0.453774655405329,0.567491423342944,0.996083036031807,0.299634228125111,0.570868567885539,0.619818398658471,0.647338524220301,0.695106212824891,0.92656443813569,0.851477676389699,0.569170984949446,0.135866030583742,0.189648701932051,0.922383842050546,0.544479420179762,0.303395763304303,0.622471971262705,0.183420650782017,0.187857886054065,0.635661616990844,0.14078432181129,0.213855236943319
"10",0.347946992669118,0.0958699645032279,0.110665556155841,0.0757534150705376,0.14537635599441,0.114572399391721,0.135383074212429,0.0991494272376378,0.0563291887727116,0.139731836142368,0.154787206795701,0.0961739621375268,0.134855675495922,0.0954728639369099,0.175726242612405,0.092021692830122,0.140813557305925,0.145696752023122,0.112259664954814,0.110540188554628,0.126064725473907,0.109147185375128,0.0736731581415473,0.048184545301307,0.135814013766294,0.109696954921831,0.102362737360151,0.0662988589741409,0.0999327272193246,0.136221466969579,0.117169378080362,0.130881298189821,0.120753332886366,0.0721675833790688,0.101780304091698,0.0468800027901556,0.155194660963118,0.0908579853729701,0.0630854993219953,0.117683972259734,0.108037821187201,0.139420047049186,0.175244009520712,0.0728533338103914,0.0613998274095665,0.123786300285244,0.056947516098794,0.162216968500394,0.157766608981694,0.115034315907279,0.062466750942209,0.0793067078600305,0.0620170830844913,0.118613527824765,0.107639436694366,0.0682340408988313,0.0891881470739975,0.0603575062962404,0.0786302270465358,0.105255937769065,0.166193056322706,0.126629547286011,0.0836221490309701,0.0927537738293505,0.158290724179732,0.0983443786727278,0.103629702760237,0.117118766211634,0.105283617312269,0.0981755641699673,0.126834890977614,0.164647143405579,0.149996181312975,0.0968060634907761,0.102933283512349,0.0672541079284689,0.154762439010913,0.102133937856226,0.121214453946592,0.122707226344327,0.0605692496208147,0.0933621904876132,0.122600720446746,0.0595040531382967,0.102160168275569,0.126866624931963,0.139432466639707,0.131935607566915,0.0669725455527274,0.116357236320588,0.130849032212905,0.10717582539993,0.104578444319419,0.14538155643635,0.152808860555354,0.152533611033938,0.0841931254034987,0.0625497084492469,0.151147804678011,0.148723557723714,0.161475168123509
"11",0.156278632543035,0.0361446708099482,0.0387781919399049,0.0155170887061843,0.0728959659681544,0.0346131406506067,0.0609221958235237,0.0478395138307547,0.029942254884834,0.0541247654075081,0.0607782413720173,0.0378217429367995,0.0628967248712591,0.057427368487902,0.0701284347381198,0.0391415222927971,0.0717604888757473,0.0423860040202065,0.0620688069233283,0.0556550097028423,0.0336581242134385,0.0482039470903431,0.0288979377743107,0.0101802693023222,0.0453300346036189,0.0531378305574106,0.0425057187724157,0.018800657595403,0.0296826962381719,0.0543486983004314,0.0444150329635379,0.0416252427887887,0.0557386091614588,0.0290882010812969,0.0422205989570434,0.0186629493203445,0.0690630785006441,0.0515521576313592,0.0175823337215569,0.0668388252175882,0.0564672052154768,0.0592150360156365,0.0729932427710154,0.0250898083444079,0.0258060826988218,0.0477636146090863,0.0188010895792346,0.0633505527757138,0.0525120420001678,0.0408563239921449,0.0281510212982253,0.0290015542620056,0.026113700679076,0.0307416935734778,0.0432840455651186,0.0117198861661202,0.0256097954278763,0.0208084828781232,0.0369397167540159,0.0541216781662683,0.0748805269831694,0.0323010897130108,0.0216185589340567,0.045602818139703,0.0693258064671622,0.0474237058080078,0.0358071066601916,0.0642423033037161,0.055684441825125,0.0376523644149107,0.0405460721201077,0.054673653311182,0.0611490366635678,0.0342626776682262,0.0617930900844672,0.0189949324143046,0.0704506026482419,0.0380657350797022,0.0549712354742975,0.0431978188913268,0.0303843105417046,0.0380685050563928,0.0357247893145504,0.0150949690616029,0.0487189913225272,0.0569707277490806,0.0744538469090064,0.0474190512688128,0.0172369813360346,0.0594051283359545,0.0582433832548237,0.0352308220112563,0.0408008128711294,0.0497647542708922,0.0642306282534853,0.0575885916204389,0.0487643958791739,0.0163944163625967,0.0648502397871248,0.052632591972,0.07000698381999
"12",0.0478972974204348,0.00683464043447024,0.0117898444055945,0.00515592736195562,0.0212716918741025,0.0218089613481646,0.0156485254094064,0.00603830597056841,0.00472358622985116,0.0263527686677727,0.0203828800589447,0.0171254054203774,0.0107479399326851,0.00953774730489031,0.0269505588999424,0.0156869296818694,0.0166918717181288,0.0267664612897237,0.0142302558629021,0.00987868981965665,0.0195206479314493,0.0100640050975576,0.0082015763644723,0.00345148655658513,0.0196772129556782,0.0197688145948666,0.0204071609957395,0.00517270516179383,0.0149523698349496,0.021311522770124,0.0160265649516062,0.0156732360446335,0.00726347479009105,0.00938668450179673,0.0212447535152105,0.00440730149362978,0.019783898778343,0.00652000008050461,0.00385430484477081,0.0158500101104603,0.00620555103453445,0.0233676704312297,0.0243368326666735,0.0129476410418686,0.00721672755542269,0.0183159062605007,0.00969866519220778,0.0228050056077191,0.0241230388563931,0.0180875795304888,0.0110061561992764,0.00931627098842126,0.00848783687391503,0.0178845059014378,0.0106157015508446,0.00506908196748558,0.0160242844144534,0.00668929137177126,0.00908857655215503,0.0122952026085676,0.0247894567586861,0.0173910974666305,0.00792937509794027,0.00386219430587195,0.0206130141332446,0.00629965863524271,0.00939394257336956,0.0166711687878371,0.00564202000188312,0.0146073960784842,0.0239019103919043,0.0255007024983756,0.0210070108295552,0.0105983194740076,0.0129186155971576,0.0028276210489854,0.0238372807688969,0.021140964394521,0.00706118958925384,0.0186092001828267,0.00459810564710794,0.00522636754383535,0.01725942245355,0.00665362614822393,0.0090477792673999,0.0120289591933642,0.0216664195907851,0.0218104165270361,0.00913330915394845,0.0117393904915617,0.00945398136632934,0.00998399895611599,0.00724204817841172,0.0266628423292017,0.0252005192233417,0.0223462303201334,0.00285075297536647,0.00928089659048635,0.016241787898187,0.0274272172274866,0.0242783595410506
"13",1.33751146501157,0.765016261347307,0.355882136131506,0.541358009925602,0.455545148258318,0.990410097372469,0.719425056693774,0.643354516755133,0.187606087367803,0.234704808784991,0.950780247691792,0.458131705292962,0.192862194603492,0.862231919599945,0.714563637134507,0.79211754002817,0.888223587173689,0.348857696675263,0.429357841318291,0.303156318239762,0.354535558575154,0.252089417687487,0.429526293696736,0.500760626532577,0.61609194381464,0.404412897518415,0.290282958276323,0.59703528281851,0.328821640532958,0.400826073664677,0.706049964589475,0.965677234902444,0.330708007087116,0.804557041718228,0.193484953914752,0.76332190907053,0.93949687011647,0.653989675643751,0.147480363917118,0.705028355957135,0.698990835104485,0.724860962886205,0.514558545253471,0.613083788938026,0.201228399327834,0.434367650342341,0.977223472407714,0.165375528359484,0.935966864677296,0.437204925016928,0.215197405424182,0.20300931856888,0.560224873296377,0.308124185709381,0.849302926136235,0.964041402162801,0.304596933368622,0.583026247665105,0.124091691511499,0.297412189011938,0.713979834466948,0.995513241190634,0.57931334385607,0.552646340147576,0.927743270720257,0.334530525028262,0.672614800289398,0.213812630558122,0.943387948544002,0.982412419430959,0.213341127218252,0.918497336696887,0.757757145622571,0.358499995202318,0.34433026165413,0.539412620683321,0.376282441267078,0.137986109613959,0.591026034818772,0.890104983015691,0.276866406893193,0.412134699333093,0.716562967484917,0.732140051066964,0.155156935353576,0.957388790858361,0.285916698113686,0.792731663910795,0.539441430623831,0.732223977884202,0.701194979839158,0.812456117534826,0.413178331237932,0.186623195383437,0.781428874581791,0.805308188809571,0.61058701449797,0.771110476835625,0.928657574900213,0.601761673548196,0.415422819411776
"14",0,0,0,0,0,0,0,0,0,0,0,0,0,0,0,0,0,0,0,0,0,0,0,0,0,0,0,0,0,0,0,0,0,0,0,0,0,0,0,0,0,0,0,0,0,0,0,0,0,0,0,0,0,0,0,0,0,0,0,0,0,0,0,0,0,0,0,0,0,0,0,0,0,0,0,0,0,0,0,0,0,0,0,0,0,0,0,0,0,0,0,0,0,0,0,0,0,0,0,0,0
"15",0,0,0,0,0,0,0,0,0,0,0,0,0,0,0,0,0,0,0,0,0,0,0,0,0,0,0,0,0,0,0,0,0,0,0,0,0,0,0,0,0,0,0,0,0,0,0,0,0,0,0,0,0,0,0,0,0,0,0,0,0,0,0,0,0,0,0,0,0,0,0,0,0,0,0,0,0,0,0,0,0,0,0,0,0,0,0,0,0,0,0,0,0,0,0,0,0,0,0,0,0
"16",0,0,0,0,0,0,0,0,0,0,0,0,0,0,0,0,0,0,0,0,0,0,0,0,0,0,0,0,0,0,0,0,0,0,0,0,0,0,0,0,0,0,0,0,0,0,0,0,0,0,0,0,0,0,0,0,0,0,0,0,0,0,0,0,0,0,0,0,0,0,0,0,0,0,0,0,0,0,0,0,0,0,0,0,0,0,0,0,0,0,0,0,0,0,0,0,0,0,0,0,0
"17",1.74055995197122,0.24836686132706,0.428436093840958,0.187363403883073,0.773000920317864,0.792524980762453,0.568658318984746,0.219428529711493,0.171652378404423,0.957644298050059,0.74070201550236,0.62232728027078,0.390573890815032,0.346596194043944,0.979367647671667,0.570053907926788,0.606572917486172,0.972677647507614,0.517119227915014,0.358985846886309,0.70936900108929,0.365720096386264,0.298040518606459,0.12542501557919,0.715058483079479,0.718387233411816,0.741584370634223,0.187973099378504,0.543360429991034,0.774448351930918,0.582396056244506,0.569556289107914,0.263950452586314,0.341106659572109,0.77202199601139,0.160158774904117,0.718935383872929,0.236933013722269,0.140063198067509,0.575980155924959,0.225506118138851,0.849167562972102,0.884386355363854,0.470509750730961,0.262251685246376,0.665589388922083,0.352443856549034,0.82872065028747,0.876617212547989,0.657292128249216,0.399957319876407,0.338547873417995,0.308443059154693,0.64991255058902,0.385768424871416,0.184207492719634,0.582313182849745,0.243084960860533,0.330273589932376,0.446800517239926,0.900834451817798,0.631982374820397,0.288148882774844,0.140349896498837,0.749064954016287,0.228925933656438,0.341370413674921,0.605820585031214,0.205027727917456,0.530824284168146,0.86858153266084,0.926680708646173,0.763382564982676,0.385136770301035,0.469454982938768,0.102754105602524,0.8662329297213,0.768250359684257,0.256599525949199,0.676247519606916,0.1670924869526,0.189923159155134,0.627197381370109,0.241788907364243,0.328791040314375,0.437125386263093,0.787345096139727,0.792577861116946,0.331899146684475,0.426602627927116,0.343552188518566,0.362812719703137,0.263171821970309,0.968912194702077,0.915772222887796,0.812049022961265,0.10359470636372,0.337262388355442,0.590217133042962,0.996689134276943,0.88226147596132
"18",1.09565349694843,0.401985487259832,0.706912826493566,0.980926344454981,0.206579937249827,0.117851330049066,0.641057664659042,0.100619175080299,0.927934306494764,0.165593969230133,0.114190781905813,0.921404471884368,0.66066911085799,0.272147388866122,0.387054944880419,0.74954973049769,0.346311779294718,0.605262743243622,0.67704739271629,0.348279247539511,0.883248251781012,0.426580853269721,0.961377193788328,0.780214698147212,0.635054111971942,0.547050446855118,0.123672247595649,0.932359178898597,0.186552105675844,0.134559703628622,0.187104683327245,0.219413123555521,0.13824542760239,0.50238690876228,0.610548930313362,0.84775995730765,0.417888087214295,0.335909378488086,0.199245467636142,0.217179806883909,0.564352311689576,0.941185098815139,0.852084355813275,0.379286720001765,0.932893448739896,0.276585955272906,0.987406420072935,0.615149019921914,0.503200904623637,0.95270320723824,0.253301485043952,0.348840397395709,0.95768829738718,0.866895874759627,0.385047994453735,0.542702269769345,0.489151890184709,0.747238014653366,0.624482759252471,0.787463264395955,0.276771890027777,0.787771383174902,0.460234613254103,0.473236535594188,0.225314637155494,0.847125049614655,0.234642589476377,0.526965412537269,0.710133249545225,0.662347430869323,0.12383830427021,0.62636263573597,0.989894120375368,0.135249061110145,0.152669045913909,0.896383379515245,0.715177655031525,0.910732702109336,0.288255624301257,0.479955548536534,0.556387151729955,0.139930154746413,0.430643509744527,0.359065330033991,0.387131411125187,0.510818723697906,0.25667499265804,0.237225399783605,0.975229649150188,0.837346616868966,0.983602435227519,0.306320704003799,0.46226845685809,0.699160528137783,0.129784834345028,0.558061347100842,0.868350411516179,0.656457913967704,0.991704518683099,0.522410068402339,0.213537006043734
"19",0.163527881373508,0.0233343910907549,0.0402521307297733,0.0176030365683345,0.0726244463203887,0.0744587573055956,0.0534261919698206,0.0206155970301319,0.0161269651995665,0.0899719328783775,0.0695899220173435,0.0584684609963384,0.0366949272919076,0.0325631652273387,0.0920128699549397,0.0535573093741375,0.0569883180310594,0.0913843356996405,0.0485840270326091,0.0337271892978515,0.0666461443794562,0.0343598808360666,0.0280012960863423,0.0117838440702233,0.0671806786452336,0.067493419087671,0.0696728204347,0.0176603182566428,0.0510494222494333,0.072760434411375,0.0547168703324993,0.0535105574360098,0.0247984898481292,0.0320474162921243,0.0725324751029185,0.0150471261353484,0.0675449185396021,0.0222601661709861,0.0131591204384763,0.0541140881156783,0.0211865944027075,0.0797804019026567,0.0830892534580623,0.0442050057600565,0.0246388884372545,0.0625329926222017,0.0331125607591396,0.077859387743874,0.082359332340822,0.0617534541423573,0.0375765127108341,0.0318070149901201,0.0289786283608372,0.0610601331804241,0.0362434474885937,0.0173065345916139,0.0547090842687949,0.0228381496415944,0.0310296352470353,0.041977492299582,0.0846345736078764,0.059375569742792,0.0270719639774251,0.0131860561306454,0.0703756310161577,0.0215078905382678,0.0320721963346545,0.0569176354140611,0.0192626228882232,0.0498716349720204,0.0816043697175277,0.0870628632027238,0.0717207892711273,0.0361841027165061,0.0441059089480203,0.00965388246040046,0.0813837154031183,0.072178124942679,0.0241078606872444,0.0635343379239357,0.0156985574405776,0.0178435289202357,0.0589260133569717,0.0227163837224401,0.0308903477736057,0.0410685011046158,0.0739721003782348,0.0744637254839836,0.0311823584275395,0.0400798742119086,0.0322771769315085,0.0340867289984594,0.0247253364845443,0.0910305664893331,0.0860379967147638,0.0762930665765879,0.00973285800008448,0.0316862419891221,0.0554516707152512,0.0936402462504776,0.0828896182622295
"20",0.289293365451357,0.0773883707551292,0.117111065587424,0.126968082845539,0.100054791022356,0.133967038981215,0.12180742143839,0.0678298699973825,0.0946435106511471,0.102481004035721,0.148800602540205,0.0994755167998852,0.108684522456585,0.078766165939709,0.157510531708615,0.0939961138849752,0.11852195294239,0.144581100461173,0.104980433715612,0.106287843773561,0.156892135325602,0.10199559132934,0.0830577873621096,0.0972008169221143,0.145601690813286,0.102199322947752,0.129854779894857,0.120728985297787,0.141631825391021,0.118547874108101,0.0921363644486416,0.110545024439347,0.105473710542227,0.0910205457374304,0.10747032525445,0.072831775182682,0.134025259978503,0.102220036141175,0.086901906622713,0.118939498212593,0.0970394504902828,0.157165494905579,0.162211685422876,0.0924666282769619,0.0700065432618553,0.0855316688583844,0.074856721310884,0.112277990555231,0.143517211239281,0.112687064026449,0.0869632492042911,0.103203173102341,0.0977359449042847,0.103492666590797,0.117638338166467,0.071583397188154,0.121133696990912,0.0912834320626868,0.0976710935060872,0.106964225848434,0.123505519540002,0.136319091927772,0.126513141391672,0.0840494186892949,0.138393980577652,0.103614672882364,0.13639423720453,0.122428850415132,0.0839888353007689,0.0788007805283345,0.134681168691985,0.180927365897477,0.118423654620347,0.102656918076027,0.101151936061587,0.0748418484821997,0.145630310260186,0.110545518510079,0.132512230255565,0.13590148776648,0.0966494377806877,0.114126679113841,0.11938121415304,0.0777619354629548,0.106247521777552,0.0967764253991273,0.103468503662479,0.125635475135232,0.0878786652172902,0.0703284251900878,0.0817991253504211,0.0843404122834689,0.0998871576814577,0.134445147955552,0.102773229123003,0.149776719703022,0.118745634237385,0.105415184443727,0.124119191679541,0.0979733309635954,0.129212745306044
"21",0.164003544285337,0.0346084125534501,0.0434400914350786,0.0226643099348432,0.0724265176200515,0.0589709991847988,0.0598629313311374,0.0349394564379928,0.026798986668817,0.075733701657991,0.0678911481225339,0.0540878254824339,0.048226813329896,0.0459197758963682,0.0831365479977727,0.0476577972827043,0.062995456757562,0.0701805783384843,0.057793699854873,0.0431298894240286,0.0529066588186573,0.0455351600714636,0.0328389125467231,0.0114830530219896,0.0589588661928519,0.0668885748887127,0.0610947800062215,0.0237669764317802,0.0476480341309376,0.0654482218552015,0.0503674383103922,0.051875410794776,0.0410010846721097,0.0355490627564958,0.0651645379036506,0.021181609050326,0.0724697454730797,0.0378278514409668,0.016707315472532,0.0605142401054936,0.0384787226168684,0.0722048171202786,0.0827620430909485,0.0379299725281352,0.0272289752732208,0.055655342941772,0.0332340453959253,0.0765570022136672,0.0716100514881602,0.0528267746632026,0.0392954038031878,0.0328687613895865,0.0337657999037236,0.0492048429469356,0.0397441040665893,0.0158091648223717,0.043799834957107,0.0269211845746978,0.0371643422549213,0.0482390012271357,0.0839892837291934,0.0477654969906466,0.0250757642899628,0.0301846432267785,0.0716952103343611,0.0371356692860677,0.0354611777803914,0.0621805094345122,0.0365067705185543,0.0445661038553362,0.06570625555274,0.0764476748575231,0.0692259903923517,0.0366390778158078,0.0519945690042943,0.0169694541217254,0.0771676443688538,0.058127441701023,0.0423434168602148,0.0602526540390602,0.0263217207800574,0.0314896352528165,0.0493505941194415,0.0209611547865438,0.0443962497746923,0.0502155582415252,0.0749746852195784,0.0622802362518062,0.0299224576459874,0.0480663407855055,0.0433552343528687,0.0349054605574879,0.034787545139535,0.0724251211984481,0.080627486990707,0.0675666656057831,0.0283804609587933,0.0263156139599839,0.060106923568391,0.0782744610531993,0.0780538655042047
"22",0.8988431631415,0.322441844146493,0.846207278164556,0.652704522727421,0.224397462136955,0.513893509986334,0.165955355116521,0.266581974051112,0.171797489449602,0.517519347379192,0.113934262459729,0.300123725214698,0.138579744665391,0.226320445872739,0.11383189610431,0.78223882850525,0.325497507313773,0.993584434148381,0.240555935421453,0.637546008030355,0.757249353172561,0.236146252875949,0.180852665776793,0.619461912991106,0.26267187750965,0.175175645447733,0.429683188974498,0.618075272928353,0.785822000364507,0.556511562997859,0.343055002067465,0.847871378970516,0.690335151067735,0.137461780119989,0.607106620610383,0.302434703151162,0.26718577615121,0.734956861059194,0.750880958639545,0.703198141938541,0.921972689125564,0.938223241988137,0.230721996051742,0.968714422840626,0.455326739833657,0.295097766423828,0.775895721897966,0.265392468413083,0.107813476097812,0.194029291785507,0.177741801462599,0.553387309155908,0.694307088223884,0.191608597107827,0.845229301564423,0.799325423243737,0.785779340036233,0.767242435446339,0.177381381771768,0.565827903501228,0.294159445764743,0.660771050940703,0.730596987410622,0.437994578228397,0.657512709798393,0.973655832883651,0.702717220947316,0.775072786500201,0.550264163222097,0.521053659967632,0.795994901923376,0.941288125489496,0.983803811036067,0.783423681927326,0.581839806350879,0.237502571507086,0.535791108832517,0.11747675026217,0.332738184929625,0.400482449711027,0.716055670718898,0.877402659875164,0.814492486344927,0.616046706854368,0.910496672594203,0.995401761113229,0.218521329004829,0.246698170705197,0.396544273765559,0.241618216073416,0.311366114592642,0.975657352022634,0.708191297311652,0.146459447738699,0.440880586995546,0.426328524137043,0.432649430266003,0.919999186317905,0.376649770685191,0.319263480248925,0.422520056494329
"23",0.284193212974427,0.0455695358645832,0.0781079597062601,0.0306189694991619,0.13424734935091,0.132401670105324,0.0907501978386071,0.0525276403627159,0.0371372076690289,0.144066656790791,0.115018402828113,0.108633720290424,0.0750706232054179,0.0604071489369665,0.151736968536726,0.100221784249646,0.10061566752703,0.153163423459562,0.0994346190864065,0.067892745746889,0.123741418952429,0.0646198540284884,0.0479663519101584,0.039620611522501,0.125350773294468,0.110012022462453,0.130045890013774,0.0499829360885193,0.0980394070390179,0.126352111675577,0.0952500703746401,0.0932292458659835,0.0548670222608122,0.0735724819466362,0.12725021688892,0.0472670162723718,0.119416383508342,0.0540454375027382,0.0418966067372366,0.0926332323117672,0.0454098139500191,0.130745879843883,0.148077747609923,0.0748092549814566,0.0513275146420345,0.111076900991595,0.0630520063299993,0.144245065543271,0.142336789025172,0.105570431308742,0.0747156880856929,0.0695851126732022,0.0651029579139502,0.107695565618911,0.0740728619259027,0.0378944480434258,0.101196870010429,0.0593037283491269,0.0592167589332342,0.0767090984909792,0.142013369574681,0.105709591309749,0.0524879478134713,0.0401349875085704,0.128425769286318,0.0506479650784828,0.0600298693849348,0.0961722380866094,0.0483563758448488,0.100009038982339,0.132669020554407,0.147283769094924,0.132789236260974,0.0603740976587917,0.0789635617639608,0.029669889118488,0.137258856845144,0.130410574785248,0.0634898030911665,0.113293070317813,0.0457501937198758,0.0413543414725759,0.0944013276913559,0.0386132083661093,0.0609321553767665,0.075872376573251,0.139231769939626,0.118716844962414,0.0656913983281814,0.0889521465757731,0.0725125753919751,0.0738291984088443,0.0547570928953449,0.151136544215864,0.14565913383879,0.130936407153655,0.0282895533494098,0.0569397481809008,0.104131018114506,0.16669271812169,0.141183766637502
"24",1.34423600348986,0.871239123769216,0.159615371547509,0.603272562356655,0.29445810433524,0.908284797980764,0.972126833289037,0.875760770300306,0.920950066453365,0.248557772923427,0.558411314986319,0.926892660728864,0.319095045335758,0.56703643436376,0.736673402948888,0.644941076532665,0.742429577378335,0.951706184006219,0.67251686737981,0.630547400914703,0.772235025391046,0.790414784661463,0.696659100183677,0.777413500712022,0.354852264540886,0.178882778663536,0.747300023783119,0.799921466868344,0.813410102290527,0.864583515011166,0.233638919367943,0.192344964420081,0.969230995245689,0.132864951787414,0.321018484096143,0.843281973058572,0.672555469392515,0.740972371127241,0.245328150445992,0.182293696077762,0.810533239833179,0.850960987438838,0.252023307529932,0.263307464376721,0.253012954830777,0.803483992068462,0.57225219413119,0.541448096634256,0.339571335367155,0.894429500318475,0.970449634401936,0.717170639965716,0.780456318226648,0.30396802162077,0.124824208356736,0.97999738958081,0.293959762196338,0.330862592895071,0.768532877157519,0.718301439935504,0.367726039190372,0.820339212219883,0.582702110779234,0.864342093161125,0.842696179638147,0.803777081718339,0.58323815668857,0.721100919243668,0.498677326728941,0.305699576828795,0.957223000286851,0.550205990939344,0.985021519096988,0.639232365318635,0.269969464400076,0.498358682654907,0.228326434315684,0.282223552441721,0.187807891920492,0.627560475009132,0.203949715750066,0.634870073350057,0.88974711323778,0.303378178951302,0.977332525355991,0.756173483056703,0.860025170018865,0.64136114505904,0.439175567408971,0.93272579185347,0.318994707495753,0.555093235488224,0.699144496639931,0.442977146753957,0.217787764230015,0.187678085805624,0.17927054608939,0.115352666692559,0.569092877101312,0.733358549127868,0.490088475722863
"25",1.53501960204412,0.513256814810733,0.840514775235427,0.950542750037908,0.137373769229616,0.760652312994613,0.862652973173613,0.217501223041614,0.868082056102685,0.17148743340867,0.71412271587431,0.370832889658058,0.416370728627991,0.346207991005219,0.877945065389521,0.108926870923543,0.713284479049132,0.351124002789105,0.763817021089962,0.847139031047849,0.947274816385259,0.432598066933288,0.247332478486467,0.596310960581193,0.847614234943135,0.336012839341449,0.715335472827545,0.925947783773133,0.892972374803067,0.529095283642373,0.168578534091935,0.26569092172441,0.622461394380355,0.527575046476585,0.432008708782437,0.824270171078539,0.824581570539806,0.357951688396755,0.581418848339571,0.965889594614634,0.199003537207948,0.778839003988681,0.78015395958213,0.582992905329702,0.280277944372786,0.172430276771926,0.326530919342864,0.278342432409673,0.71195831862543,0.582525266212578,0.586472914734035,0.646817995838234,0.653490769719032,0.570594407975473,0.922150592619277,0.32756065362369,0.6521204956722,0.805409519780716,0.391214404978701,0.343682124161483,0.564677658074483,0.66576413360186,0.820482952288072,0.369000401807964,0.432774385155853,0.560061049361862,0.941366560687477,0.922727457568663,0.197898972592636,0.121680039376821,0.774918113167246,0.996635350032635,0.298008282490709,0.556767249392248,0.286582242171444,0.374813619859526,0.749684888982154,0.330998895769651,0.771603756300711,0.918081506303271,0.981866052270209,0.99152373758342,0.694489046988633,0.572626220956803,0.718128794825841,0.257507577153545,0.252938247514225,0.931201880588459,0.755283599372623,0.103320866102903,0.233532592931502,0.143868754331068,0.58211161022941,0.869547339245525,0.294373882410812,0.938956983255767,0.935151757597077,0.964127402798095,0.816369883344741,0.112157404327764,0.608055991660124
"26",1.0006077389492,0.267672808593434,0.411088419845777,0.994725548894074,0.13300134513877,0.285538511738005,0.653350199959224,0.346498584447735,0.164196830487848,0.200284804085416,0.264693270485191,0.119116387107249,0.231419951511189,0.964672126874253,0.318638016096676,0.597459523529923,0.901665140908072,0.610683800976961,0.635858395336521,0.509131891288811,0.243461839267276,0.255969769053854,0.440268032312535,0.518971962798088,0.937457681196726,0.662666328141416,0.289034543007704,0.715458078733911,0.343508930709188,0.85694240638005,0.853158827190702,0.63387038714315,0.945981456637787,0.54282685108388,0.154279853088322,0.752923978678838,0.874640582604034,0.36798946429945,0.526713674787788,0.771332899671478,0.966219825810088,0.53885351717384,0.289045040856918,0.6680083559738,0.996011570407724,0.859862798808886,0.77124142045605,0.510149264524633,0.879941737851985,0.614172933343644,0.110909858002789,0.204149841668231,0.679743082687552,0.240410699144494,0.820355786513355,0.869745312310608,0.642945023858955,0.274026479130197,0.448474766077397,0.938921741505074,0.308841513835293,0.913331848811223,0.199339954664634,0.142673074024218,0.601159285567597,0.334464384919597,0.76480839894558,0.340884848463326,0.255775817387872,0.279523927039592,0.73016407050845,0.317857712594112,0.167568349166445,0.956481573879646,0.441278622417721,0.909243893733875,0.859971798802315,0.525159492854636,0.419919294964198,0.764796934369047,0.400005321031569,0.746761565760318,0.160624440367216,0.212976463426772,0.11202008494172,0.896765527500897,0.405290119607444,0.664884641653761,0.90268862212897,0.268344298960187,0.993005006808511,0.281880787688075,0.500776342263331,0.623195670679808,0.35855273479838,0.770148247895544,0.450293437869234,0.686422942137354,0.17842304694717,0.304806187015534,0.378039318412594
"27",0.0221841197081972,0.00372796596565726,0.00597403864464396,0.00315050350699302,0.00960677332143276,0.00991517455535347,0.00743657295642327,0.003253124761731,0.00232463633812486,0.0119130458908289,0.0096360249036894,0.0077432897313363,0.00557845226919313,0.00427643284418066,0.0124608481905158,0.0070042649652692,0.00768220919935229,0.012441164935902,0.0064280904589855,0.00487108306759509,0.00941099624445116,0.00508890278592371,0.0040130443381205,0.00203665607871922,0.00936668967664877,0.00871905693867259,0.00907228517011215,0.00287624662769779,0.00718393818528618,0.00985339402826098,0.00756217085153511,0.00772598588262039,0.00406779848852334,0.00436164218230358,0.0094064326846665,0.00214285749251693,0.00923235865816413,0.00318037920716608,0.00240622623015595,0.00700905865931116,0.00330340075820878,0.0105484422424698,0.0114093639250673,0.0058813323597272,0.00348181947609532,0.00856969806872209,0.00435967358949453,0.0108227419498262,0.0113319573584038,0.00844970851261542,0.00492283741866794,0.00460427005575409,0.00391598195713007,0.00869038908011337,0.00526216043910542,0.00296489864312279,0.00746436087295072,0.00329410467899981,0.00434172203157303,0.00573177467309039,0.0113155709621854,0.00850659269041691,0.00424862782411587,0.00234185879980623,0.00961630963854375,0.00340467055203652,0.00490601839216543,0.00746928114983154,0.00299604572858694,0.00671009854883438,0.0110006461724793,0.0119674948861249,0.00980820402744151,0.00532308947804597,0.0057431672892621,0.00199232650241377,0.010867010549959,0.00947570734793381,0.00396165839590687,0.00867402459177889,0.00233388328635064,0.00307482109824094,0.00834845052464623,0.00336012248196102,0.0045563092430207,0.00589565328028698,0.00963605351500418,0.0100339109247542,0.00446818287929911,0.00555232502085466,0.00499926141718357,0.00519533306514416,0.00403174524825964,0.0122587809956918,0.0114147258108227,0.0104449660719255,0.00168450626440025,0.00440491372411738,0.00786914601669199,0.0124851872845511,0.0111832726954744
"28",0.22375178145846,0.0684775145182229,0.0940107474192407,0.0715613897907398,0.0933981730520932,0.117347310827654,0.0698868000501622,0.0754388503532648,0.0719221100426475,0.0862764144488915,0.0828795272953441,0.0864232398597007,0.0780704294602531,0.0797745069047141,0.119739517502688,0.08633846460479,0.0845387741777016,0.111602261649025,0.0905414259078071,0.0667268539634361,0.100438152922126,0.0860019570488567,0.0600199183774711,0.0524708898457766,0.0945389181099432,0.0869137828643371,0.104748002346817,0.0687357319743937,0.121343942782112,0.11163964637701,0.0879579941814633,0.106184815351636,0.0718337397526658,0.0811062749920258,0.116617593140515,0.0731327750250159,0.0872249119451392,0.0869357654856732,0.0520394832415617,0.0701731236166705,0.0726046035227323,0.111599728660759,0.123796168542158,0.0891349388850673,0.0774445137466673,0.101557076776255,0.0778425181864858,0.118812482263219,0.0947057716341566,0.087883070332442,0.0793479822476704,0.078716272773543,0.0867798809475142,0.102850560063884,0.0889073914200175,0.0579164748661838,0.0953541240153855,0.102650924039948,0.0789013426300209,0.0567972283468012,0.108706324436477,0.0795066372071959,0.0700466207350768,0.0506021940744352,0.100756007531798,0.0787537707077226,0.0520194396080835,0.0850498650827014,0.0481208877132665,0.0812082311399141,0.0882833237580752,0.136666271545822,0.120866580141891,0.0597782726840367,0.0861038703687929,0.0391240752173706,0.0961744295742247,0.0876877737792022,0.0830214932180974,0.0941936426275247,0.0664930043307965,0.0689286425517995,0.0880421377092271,0.0463254787032628,0.0934035519708216,0.0798992191121851,0.104541671508007,0.0776647047694533,0.0829593813045936,0.0741177947512186,0.0651946003985159,0.076095645471287,0.0851698619243492,0.102672883849577,0.114825358710668,0.0931999398939525,0.0420443514634194,0.077399766739641,0.0728990951023621,0.117691038299335,0.102624497836042
"29",1.02840560308247,0.322499931974693,0.67705024459516,0.525733786787647,0.242833107239558,0.203215550474907,0.28828400211041,0.886468653480421,0.157197869301078,0.823339224894447,0.976359236181043,0.327398513708684,0.243774420811226,0.629189600068831,0.410756367306714,0.23583888322043,0.691615276615935,0.377660034412376,0.481047153000935,0.137988754286164,0.17166376904922,0.408745486397857,0.216761316446335,0.370448024210417,0.225521659277205,0.92879688492016,0.911246171623818,0.300308560874563,0.669264191820505,0.483435117658382,0.529516828824018,0.828125189932248,0.170912686635355,0.660122089304941,0.849147128369159,0.515579775159686,0.14039285832693,0.614359754661893,0.273966360695477,0.606007844057978,0.888664681262041,0.552161473980524,0.146821862725761,0.165349251318088,0.469990368916971,0.132198786139068,0.938303130444575,0.306560717580202,0.992356583725083,0.561953508477492,0.669929581164405,0.209722403958267,0.410056628736477,0.209054503957506,0.277282594005287,0.153060897246757,0.49539973795535,0.245571264162737,0.77040594154143,0.400441149157283,0.728926061031844,0.627302569645913,0.363919121444253,0.768778742798263,0.831061324187671,0.597307971511111,0.649256509931076,0.190943280833053,0.360882480855869,0.39149559981507,0.235853220334811,0.953595463052063,0.273735873809092,0.693070907912093,0.49481347505229,0.955372533465084,0.488476385626704,0.70551066079929,0.388834990065277,0.19970012039576,0.752094177888239,0.526266736001231,0.597941467958858,0.595594810768429,0.772143518593013,0.41897234892262,0.307824183760929,0.791934043631436,0.878159346658112,0.545756810935716,0.244268249405393,0.197088468344961,0.352938416263959,0.896976499143986,0.77813588620371,0.411494184157549,0.754441625919027,0.123493451126484,0.778816205658102,0.692531994715706,0.227370382418971
"30",0.844403298581757,0.662726509296607,0.95567210669798,0.132373924618151,0.250606705073068,0.381964769175105,0.543413425677847,0.228747749500234,0.593116879046349,0.209601815106518,0.488562499193858,0.392021686480098,0.740976992983994,0.853615289956026,0.499936550990343,0.158930359126748,0.539371265165558,0.408358729150432,0.834604726834289,0.950663595416882,0.52843542883444,0.80613907184643,0.455666017772725,0.19187786793317,0.884243215775027,0.6045896626608,0.418539788687874,0.462915012296196,0.735905021501617,0.69171166049732,0.771697534131345,0.197071772689681,0.900618143657838,0.476823760139253,0.540483946165874,0.701381343772906,0.679756028680411,0.134555080244735,0.862027236904083,0.268774885984594,0.70445830789325,0.463494058535102,0.82569803500088,0.371881045035856,0.657865954846301,0.547257290165717,0.206470557462605,0.894168220037732,0.567738757954716,0.978819830316959,0.81528568915159,0.422612615519082,0.903992434124434,0.187813486601124,0.133319297637994,0.670548481171744,0.726417470508103,0.128986995778915,0.887834913448205,0.282426961371432,0.887576776891693,0.874400912171438,0.458758306691143,0.978270823407544,0.598300528785972,0.915914570461747,0.455797178481798,0.570587492134248,0.539025223293135,0.771460903907,0.591730042669385,0.932766999222452,0.756330611695287,0.32424512933449,0.604510781028788,0.459157074470778,0.477173210535526,0.328692895009403,0.332898186194309,0.884539539587278,0.456846835399025,0.191042149112711,0.124381750545563,0.381205798420492,0.518730995103566,0.854186607854819,0.568839666729236,0.231295384535016,0.660484741703306,0.832373345253815,0.418503762428968,0.926907293092075,0.667120434149546,0.638131776306913,0.767636972351767,0.688623581756041,0.550457592111235,0.454034074337874,0.464299733702554,0.220447267716734,0.382768492407963
"31",0.395893856713907,0.146159160733535,0.143892543320097,0.140169846319834,0.155705685435908,0.140519965776764,0.167515063142857,0.202120339858082,0.105582520362003,0.106001466590834,0.11307065507099,0.123574457969224,0.220207521855804,0.179447187238176,0.185243566865861,0.133249477119685,0.200199305239052,0.0917504588113863,0.154297842500174,0.153338044928309,0.126456981016679,0.141054713525525,0.0945055727307833,0.118250556853561,0.132221273858953,0.11767835946832,0.113629961705641,0.124766823930516,0.171491782276631,0.187748724334838,0.169229668520288,0.129707151307883,0.18349045734144,0.086304945550208,0.0998940790713028,0.136752831995589,0.138134872642891,0.170578187176607,0.121248670866015,0.145339529977443,0.2089248311864,0.149244789840706,0.153681258196643,0.0925175804713525,0.113923027591229,0.187224343141226,0.086930401003546,0.140261965025516,0.102043822849629,0.123398284392575,0.0752126412674712,0.0926522379350542,0.124113246319046,0.166696427610941,0.169871837274892,0.0929075553507387,0.0820365231461733,0.112335523739746,0.126835048096656,0.152914205203827,0.174088822287821,0.120922171470471,0.121100054108598,0.154699990707191,0.141322318130773,0.174434169936992,0.101089414515844,0.127572852229141,0.140126727568892,0.102842051068492,0.107339466007662,0.171703875850627,0.135582344562984,0.10736388515927,0.183962665527326,0.0815174897043846,0.159858423481065,0.0887642714783431,0.169209623829776,0.0992834896314993,0.146692907090179,0.122379288621879,0.152882206059543,0.0794565776582538,0.151163682304043,0.139608924488219,0.134387918204302,0.118497812285103,0.0899373372347246,0.132097202836784,0.166438277323664,0.110299136855786,0.14469330187473,0.150813111415661,0.125272324460844,0.128401326023543,0.175395788347604,0.110034745284361,0.125910936724577,0.130970136015973,0.15068660066931
"32",0.404328349375154,0.177761299313725,0.124807926178682,0.169291116132287,0.120577219287307,0.231496128203478,0.209753392711181,0.193320083973716,0.14275131129746,0.148671455075978,0.118517379502671,0.217796829931135,0.118273753811976,0.142338082255253,0.181006258269309,0.210229366686686,0.194927056991212,0.248501979494674,0.158380370019456,0.169293105117575,0.217735725530441,0.143760094252768,0.130068959941621,0.19570938893993,0.127391040330956,0.103187765077379,0.193801360168975,0.199394019088762,0.234187465772785,0.237067107404604,0.127558532976571,0.117994163074272,0.219534023037174,0.0521616831511928,0.138942943163509,0.186212908042186,0.162274399009696,0.184604830902852,0.134942307909122,0.138255771440199,0.232155845566097,0.246199173687158,0.098260155442625,0.138466743167308,0.0926956498080437,0.205004830413616,0.176484746103999,0.138997104865417,0.104078023189125,0.180128895997193,0.166144535682993,0.151817462967896,0.20301300571987,0.129495416572852,0.130619808286035,0.20746146524061,0.130613158930664,0.117911540889301,0.142930430529958,0.204808937376773,0.149374163646885,0.216630455852451,0.162020437686784,0.186871638143489,0.204697851362779,0.222442223732483,0.159920643557522,0.191125913324429,0.138330816156867,0.122664660338125,0.260852795758713,0.213736541508377,0.237441038347578,0.175358717167715,0.139404659030778,0.0995154700615444,0.14659428518956,0.106166831438417,0.0811085458686747,0.157686454640446,0.136932863952633,0.164105208152367,0.24388383534109,0.116903602956223,0.221906310178884,0.203235437705205,0.172943440046529,0.16793799433154,0.114999600246804,0.167903122522028,0.106460942346388,0.167446101401257,0.161255889968816,0.158713498601803,0.117750981068912,0.110362991861509,0.111846957805441,0.126398049426622,0.137136761811064,0.19987603429164,0.158466966500926
"33",0,0,0,0,0,0,0,0,0,0,0,0,0,0,0,0,0,0,0,0,0,0,0,0,0,0,0,0,0,0,0,0,0,0,0,0,0,0,0,0,0,0,0,0,0,0,0,0,0,0,0,0,0,0,0,0,0,0,0,0,0,0,0,0,0,0,0,0,0,0,0,0,0,0,0,0,0,0,0,0,0,0,0,0,0,0,0,0,0,0,0,0,0,0,0,0,0,0,0,0,0
"34",0.974228419884226,0.857644854448793,0.849543034306944,0.446919658827901,0.132549769726583,0.969100770659894,0.118008861695994,0.572027615037546,0.700711933001413,0.182351929360153,0.208290464176077,0.175531626305489,0.619917005917,0.999473522543564,0.433821012119832,0.946489026275419,0.869250179573777,0.579580825868002,0.803056995417006,0.336735435596721,0.394826145464559,0.347983834829211,0.787492729898075,0.684467537571311,0.883937886244907,0.681325013598737,0.263144751084454,0.246896396614923,0.319725971321246,0.196041543910624,0.544136130141236,0.872812143967514,0.363438373919678,0.257308219142005,0.128536503817862,0.680392042188835,0.665371489098792,0.616463917154168,0.216211162077806,0.833321994106901,0.851952819411503,0.316818918853692,0.855355097699228,0.402769111274538,0.304473652517041,0.477528378967219,0.443183609942511,0.941472588798258,0.571898572084967,0.812261906251033,0.640494577425018,0.20118391205557,0.588982765667302,0.450548106968682,0.189660055739118,0.793979482470447,0.174186375454188,0.847290272362553,0.50042838732683,0.109165461841378,0.856617047902133,0.135269363832018,0.509190897069224,0.460713007442055,0.85561468787272,0.605939119587763,0.637024619727936,0.718182994774973,0.327959732730395,0.851461202727473,0.706395056149107,0.341642013680604,0.879921342901544,0.682593973754935,0.447426748891132,0.143645993600887,0.268264696517561,0.955258459286045,0.437542476633776,0.224181457352439,0.271117279917563,0.384748814293625,0.27306740968335,0.744088343561604,0.551934302963169,0.313830125632925,0.474794692172458,0.474545075027624,0.585280768079635,0.90672132176914,0.762754359010192,0.852414718043914,0.50172205178653,0.543985463833115,0.496369978995595,0.322596607021953,0.832519529721805,0.319705801484191,0.175640134323402,0.650956867665485,0.389039934574336
"35",1.91479819518808,0.536455303847419,0.478290504283527,0.178316350032836,0.919456976605861,0.165128256862033,0.812854526366775,0.780217559138718,0.46466517881747,0.441673390023784,0.70444415797423,0.333757594119119,0.966455480280592,0.887128763763719,0.734006178723242,0.393639191469522,0.999463543383717,0.201757038387211,0.869035040292155,0.844796308346654,0.199676379526444,0.695907643372152,0.366462504445016,0.113241350987813,0.423665888738505,0.573212105313504,0.350289639982348,0.240160832626333,0.226949217316313,0.557473500608737,0.489976660162697,0.444449463001511,0.904131887855045,0.346315127685414,0.328113776473251,0.254715940477601,0.877291957286118,0.841624894364201,0.249891516457724,0.926908951142316,0.943224779958418,0.604533928803593,0.851658879992635,0.187205687126785,0.331806979052318,0.499109680060528,0.138228797474535,0.698917939430588,0.460901691796072,0.370540039974206,0.28651819005366,0.342918065087333,0.305739975392164,0.183401813384875,0.592200854042025,0.104891578552355,0.126883649095175,0.246977600056353,0.500966429955056,0.759592699052432,0.877085216147008,0.221797112702688,0.232883429755181,0.786768840144482,0.862478181404118,0.766644462533251,0.473206505211089,0.85501237952802,0.942755714025577,0.391468288067957,0.231569847253374,0.469978792966296,0.694928705750344,0.41561906311087,0.89592989326983,0.299120394638474,0.814134894161412,0.250544493478708,0.898396968798837,0.405336765662797,0.480143983086325,0.611603886014857,0.290456826497112,0.137719559854495,0.727958812695708,0.820415300567585,0.937283891913096,0.413675746913724,0.121707862756228,0.872979596784187,0.906196777115132,0.44878961668334,0.617972337490096,0.349376225080272,0.663099907492586,0.600236897636575,0.874741152075324,0.103932481808203,0.877402048202238,0.38561283832247,0.794022708723362
"36",1.23463553350219,0.591731175943745,0.728053981877211,0.863713347993941,0.320054779642344,0.7944631712721,0.285748962003648,0.726789504172948,0.844331936556845,0.1031827713857,0.402987945434611,0.14991922023533,0.747527736175603,0.942705434388646,0.954435529535485,0.450329703765342,0.68056722852943,0.476520803157682,0.399583866546117,0.481720816275953,0.431800975038746,0.833673051405406,0.535475734197188,0.30056851189353,0.329130989963252,0.350532042771938,0.341408598724244,0.223921543997254,0.981330180555463,0.87544071937128,0.807963459533624,0.964194446655149,0.56493270655427,0.396662307399132,0.605663240044241,0.496307982617404,0.152175425576159,0.898130804390232,0.155382370308487,0.297013213115342,0.781322262854341,0.800978229039272,0.678121088905189,0.887513668396623,0.891421663288599,0.937026638650284,0.396569446353945,0.437739825984088,0.203133828621301,0.701894570453659,0.379358000949474,0.517417593642652,0.500056012056491,0.925142045474105,0.843959588606064,0.57004667250766,0.58262150602252,0.980810511323075,0.832938115325018,0.11335556372171,0.530921741350821,0.293963561400845,0.771287151327386,0.185616254976257,0.379967582114529,0.6039933753867,0.129984185531258,0.547744907908068,0.121149265622475,0.308432399669353,0.152233361425877,0.999588310890708,0.699645304681249,0.44653141682293,0.93179274345287,0.110173051384066,0.406885093529146,0.190007825876822,0.522179453460317,0.26795458771786,0.330542451544167,0.514964731293175,0.799937598308184,0.402956738716695,0.846878846042779,0.537316587908338,0.417506520611986,0.411311525490165,0.588501046616552,0.309646892296897,0.346040209374176,0.42095069178402,0.875978316317036,0.559151205453597,0.539662581765233,0.473826243541422,0.328104714416664,0.845432665067767,0.13941413995442,0.290065584950484,0.503846104246117
"37",0.0832362242297696,0.0118772810653552,0.0204884656427291,0.0089600029464094,0.0369660797150524,0.0378997499808775,0.0271941057218584,0.01049340603338,0.00820867781213895,0.0457960068738689,0.0354214969613503,0.0297606370790368,0.0186778375070364,0.0165747571590131,0.0468348504931755,0.0272608449077054,0.029007239488881,0.0465149245100908,0.0247294279978763,0.0171672492021329,0.0339231045557758,0.0174892912557621,0.0142527509082285,0.0059980150117486,0.0341951842380357,0.0343543701418326,0.0354636925257851,0.00898915951232494,0.0259843221930373,0.0370352980962779,0.027851065212204,0.0272370480189272,0.0126225121014314,0.0163122392711936,0.0369192660658096,0.00765903621141381,0.0343805835305994,0.01133049708244,0.00669803516246739,0.0275442471005792,0.0107840455557607,0.0406084844133892,0.0422927006320271,0.0225004919076656,0.012541274463474,0.0318294969147893,0.0168544012740822,0.0396306819498217,0.0419211684059972,0.03143270928959,0.0191265673565956,0.0161898742254859,0.0147502162191197,0.0310798066618182,0.0184480328166789,0.00880908247455106,0.0278471020804192,0.011624692551473,0.0157941854043283,0.021366680301268,0.0430792736213935,0.0302223583854368,0.013779717837953,0.00671174551751106,0.0358214254008026,0.0109475863352231,0.0163248523935501,0.0289712618066155,0.00980473778850893,0.0253848246327785,0.0415368899718256,0.0443152809341151,0.0365061153337654,0.0184178261344003,0.0224500513075806,0.00491385761505933,0.0414245762071196,0.0367389006801285,0.0122709796091604,0.0323391849347556,0.00799061686748864,0.00908241433681125,0.0299935327208481,0.0115627133020316,0.015723287626693,0.020904000822444,0.0376520400198081,0.0379022787998583,0.0158719220006246,0.0204007865140962,0.0164291881849711,0.0173502560807639,0.012585276801106,0.0463348548298172,0.0437936205537512,0.0388334193741617,0.004954056421982,0.01612840037462,0.0282250810002711,0.0476631903279723,0.042191085667136
"38",0,0,0,0,0,0,0,0,0,0,0,0,0,0,0,0,0,0,0,0,0,0,0,0,0,0,0,0,0,0,0,0,0,0,0,0,0,0,0,0,0,0,0,0,0,0,0,0,0,0,0,0,0,0,0,0,0,0,0,0,0,0,0,0,0,0,0,0,0,0,0,0,0,0,0,0,0,0,0,0,0,0,0,0,0,0,0,0,0,0,0,0,0,0,0,0,0,0,0,0,0
"39",0,0,0,0,0,0,0,0,0,0,0,0,0,0,0,0,0,0,0,0,0,0,0,0,0,0,0,0,0,0,0,0,0,0,0,0,0,0,0,0,0,0,0,0,0,0,0,0,0,0,0,0,0,0,0,0,0,0,0,0,0,0,0,0,0,0,0,0,0,0,0,0,0,0,0,0,0,0,0,0,0,0,0,0,0,0,0,0,0,0,0,0,0,0,0,0,0,0,0,0,0
"40",0.749844979800116,0.318921626372336,0.349789309599477,0.300152416363606,0.900039571379922,0.628295359353258,0.984919825079483,0.366517299673471,0.554002483923894,0.421386655679407,0.813063190616509,0.336842623486898,0.364993286846363,0.745675672760837,0.643157016384909,0.999332323405273,0.695251819449108,0.539124283057585,0.685731821764293,0.377174513476463,0.149659990893699,0.969376726370462,0.885827927451598,0.716261825865339,0.549451585090122,0.120320462575892,0.826276037331806,0.367004572624365,0.46958713018871,0.427339289752502,0.327652223129925,0.575841110760125,0.986417648592976,0.606411745838087,0.60295419400417,0.589535246362962,0.395574888439639,0.843146987035636,0.972738893400163,0.351247569429721,0.673513410166417,0.672749182246173,0.348609495870356,0.636183064624054,0.935052957169178,0.931590441962986,0.605861930803363,0.867517089633174,0.748993903269352,0.775650913289189,0.315274839163039,0.560990009799075,0.886798788984939,0.395347861469362,0.104548958505254,0.815032291731063,0.675019259704679,0.220893122458533,0.42932788511775,0.458055678720669,0.104059987217748,0.139322869981978,0.628145219887931,0.173040225152103,0.211979202004164,0.9345340014561,0.134789370242208,0.325717115202547,0.99032534130965,0.556737995387975,0.424148174814212,0.612769757194996,0.660258959350981,0.944139892674181,0.18946021377361,0.991425899582007,0.766540823249037,0.181772280214345,0.341991311394967,0.41043297620199,0.668723473201985,0.124529785892955,0.105520617726828,0.795023870162266,0.646861099897749,0.735699357327594,0.769255810587091,0.264398325355352,0.130842182919282,0.537411971654543,0.857339311385312,0.913934022205734,0.714093466616464,0.415359354605748,0.618732007300654,0.440625700922474,0.313667965273343,0.990369552407568,0.717870763294209,0.275051658147304,0.122098406112655
"41",0.111388044529502,0.0328003370172119,0.0406133015439109,0.0321958238173675,0.0430735243554926,0.0447195815731573,0.042496564702936,0.0269733326150288,0.019165797630199,0.052693697281221,0.0506964872692298,0.0382300491311814,0.0374410918286679,0.0236740131738817,0.0588640816471093,0.0306441757570886,0.0377072833039436,0.0581909238615841,0.0336569817689018,0.0300799261177079,0.0494005222673183,0.0369575183574613,0.0270624492381523,0.0169257755031503,0.0484470312224394,0.0408954366939025,0.0403521982687973,0.0269709446946105,0.0434459378628613,0.0473430700287991,0.0381232530394813,0.0472930540313723,0.0353988263143021,0.0259627485568236,0.0437702424975758,0.017062978780178,0.0502625672788896,0.0238312660665042,0.0230113146779018,0.0322672659621918,0.0279114817986739,0.0482900661764446,0.0604252719940628,0.028697061347359,0.0215055595739537,0.0413129337310132,0.0255842707060875,0.0599070282732451,0.056732763435672,0.040522635852214,0.0267817712657127,0.02899066969497,0.0255415927799525,0.0465019069256425,0.0322344969074819,0.0242891962769327,0.0370782382683922,0.0244345716537782,0.0270753467636681,0.030982789520207,0.0555719442369835,0.0460462389418913,0.0292408570296674,0.0249614438842187,0.0499982154233762,0.0308869902483996,0.0342253960521667,0.036484605581719,0.0247905099883855,0.031391704690319,0.0519367159016598,0.062014970177291,0.0510834274503489,0.0335364985959827,0.0269670515378191,0.0231563355969838,0.0504928690619347,0.0396348711965986,0.0361806618403665,0.0470806102587042,0.0204669063083526,0.0314106266293261,0.0448763854474974,0.0217806715491238,0.0354738193976175,0.037800389699227,0.0423319249738761,0.0452464233647209,0.0290019342062761,0.0299081815696257,0.0347980723599847,0.0345721844228195,0.0339832788655292,0.0541047315329977,0.0545154396611503,0.0501328833766499,0.0184964207275366,0.0240237595265911,0.0445081105517891,0.0569085287779941,0.0534506211522037
"42",0.873361028365048,0.995091194153424,0.762354421957177,0.875597074886588,0.282469277432249,0.567397047989205,0.382126776070007,0.187975506935075,0.617620317437508,0.28500159228782,0.669836808266484,0.198380717383888,0.513462537206977,0.829394835032425,0.734083925744879,0.498071870874942,0.65748688721779,0.931378636049638,0.61419640266194,0.384918093279254,0.83414478540775,0.837448697125909,0.467542893337883,0.288623832448489,0.268370991151835,0.302309675191238,0.337767236634851,0.633258151764034,0.467151307605336,0.484572819797659,0.438909374041761,0.70338582244707,0.287270378367413,0.473037242228103,0.273109924901314,0.914170633995724,0.972303732301811,0.405836824083778,0.964877867826018,0.339072932762994,0.540446214410002,0.428076851776166,0.887396067798663,0.737282514571582,0.691220952098533,0.845802162566002,0.399106224710544,0.303997000898916,0.38477915740174,0.6829898928987,0.597010697364533,0.792535176989427,0.81919771180261,0.663077439660323,0.61747568820647,0.523342146683467,0.172675959540002,0.641718746173011,0.280726721760868,0.446121492076413,0.293196835112801,0.312078621479173,0.569727467817901,0.320668093039671,0.406828133510935,0.248539582427734,0.900004368636218,0.783670439836745,0.521249029402832,0.467483973458329,0.624010008851051,0.766266034266182,0.57342350697982,0.127909524950459,0.264469917946846,0.360216855601113,0.503655450055292,0.377128025276528,0.453972856341848,0.462787041037194,0.347376622337219,0.427341716911535,0.842063792189704,0.202424052407376,0.724325486807416,0.267213503924848,0.906752698561234,0.971006378433487,0.668967774560694,0.911183477759107,0.482074550732187,0.274590651146312,0.265627898644038,0.784174374786493,0.427312513088875,0.589656601592685,0.177184300682731,0.616254791300904,0.893081462233563,0.753451383060339,0.324789845130902
"43",0.140379455678415,0.0200312576203785,0.0345541821631976,0.0151112132744254,0.0623439878127966,0.0639186402542365,0.0458633701158494,0.0176973263841495,0.0138440893225358,0.0772358258280942,0.0597390199851303,0.0501918734596307,0.0315005238013895,0.0279536392900437,0.078987855105764,0.0459759270064137,0.0489212542719613,0.0784482939257801,0.0417066448376793,0.0289528882501762,0.0572119530472238,0.0294960182228817,0.0240375321313719,0.0101157649844368,0.0576708205421183,0.0579392905590307,0.0598101835971539,0.0151603863705209,0.0438230474698364,0.0624607259129362,0.0469713446366891,0.045935793106487,0.0212881037611916,0.0275108979410822,0.0622650357139978,0.0129171084384076,0.05798349993158,0.0191090961623645,0.0112963621178502,0.0464538901281415,0.0181874953980371,0.0684869717557197,0.0713274340448848,0.0379475022530515,0.0211510949588032,0.0536810444342314,0.0284252643429618,0.0668378895338049,0.0707008379667987,0.0530118546510471,0.0322573151216432,0.0273045269929828,0.0248765167226121,0.0524166777403628,0.0311129538744347,0.0148566830637359,0.0469646607404904,0.0196052623470764,0.0266371903634547,0.0360353076812675,0.0726540041664918,0.0509705751158787,0.0232397529728668,0.0113194848891676,0.0604135068105497,0.0184633099945615,0.0275321702088622,0.0488605772350132,0.0165358744531831,0.0428119835734568,0.0700527451692559,0.0747385537166424,0.0615682492437538,0.0310620097373675,0.0378624332335285,0.00828731317003389,0.0698633258953699,0.0619608461030509,0.0206952376097663,0.0545406428539192,0.0134763254433114,0.0153176623837221,0.0505846563342731,0.019500733178671,0.0265176199297242,0.0352549900492279,0.0635008727518922,0.0639229051549492,0.026768294593318,0.0344063096657874,0.0277081344809443,0.029261532788601,0.0212253057277624,0.0781446030275577,0.0738587636862545,0.0654932912241198,0.0083551092130061,0.0272008501887685,0.0476021292888024,0.0803848657967407,0.0711560584978534
"44",0,0,0,0,0,0,0,0,0,0,0,0,0,0,0,0,0,0,0,0,0,0,0,0,0,0,0,0,0,0,0,0,0,0,0,0,0,0,0,0,0,0,0,0,0,0,0,0,0,0,0,0,0,0,0,0,0,0,0,0,0,0,0,0,0,0,0,0,0,0,0,0,0,0,0,0,0,0,0,0,0,0,0,0,0,0,0,0,0,0,0,0,0,0,0,0,0,0,0,0,0
"45",0,0,0,0,0,0,0,0,0,0,0,0,0,0,0,0,0,0,0,0,0,0,0,0,0,0,0,0,0,0,0,0,0,0,0,0,0,0,0,0,0,0,0,0,0,0,0,0,0,0,0,0,0,0,0,0,0,0,0,0,0,0,0,0,0,0,0,0,0,0,0,0,0,0,0,0,0,0,0,0,0,0,0,0,0,0,0,0,0,0,0,0,0,0,0,0,0,0,0,0,0
"46",1.6691465038149,0.60300915366134,0.427171536227049,0.670401371491909,0.596477931953343,0.802495634603793,0.90552123653213,0.97287991444809,0.116246338736048,0.672288880903903,0.12819156246843,0.932938639195923,0.918928879755578,0.706156124204122,0.663636601286357,0.838918224076966,0.918784922403251,0.226910751601091,0.600422951442002,0.490899142236782,0.605653881977644,0.192146365291652,0.286259373560526,0.845290465832504,0.577155937484987,0.654839237573835,0.639991986233327,0.812448592140963,0.90473697643298,0.961219400098886,0.856495476655195,0.113389094167014,0.633133928282603,0.186171856835452,0.358674016288625,0.917756146792625,0.473949858725596,0.483623645653673,0.773024203250503,0.69232679348407,0.946951284237073,0.588536621671595,0.190901177613736,0.24043734044587,0.285484161762901,0.955335269699774,0.575354414797799,0.266069390425706,0.266475427918748,0.437172076572088,0.236955573325614,0.104104073465352,0.724478390084639,0.878905419967912,0.647781097466923,0.307558515100392,0.182566254149439,0.163731509016405,0.33404012125812,0.960265456875559,0.756032545184802,0.66625762485852,0.400807177283629,0.716283688850321,0.309106846640869,0.714308712409253,0.356108639489865,0.298708167123205,0.470505395040276,0.406195621920224,0.785722361043202,0.621630705990267,0.130396833180944,0.365351982690656,0.759809166212934,0.266192992692854,0.72964490391325,0.509500577367011,0.392678638987321,0.349787132886942,0.928776958226494,0.201738539144239,0.8006121060558,0.411346635100249,0.311690718447079,0.278953283168784,0.248701680991597,0.616613198908008,0.28697075593045,0.24860079507098,0.511547995194292,0.175429962299352,0.170263609455745,0.896103747924393,0.317283940520004,0.354539340037717,0.959235505299832,0.531770621000333,0.211266333220377,0.725525136489864,0.484379216420124
"47",0.396544526109924,0.0770528746793305,0.100489572078149,0.0535635979284779,0.176495868741079,0.127995744678927,0.147558689998645,0.0913791633956876,0.0596087580018237,0.169731348233678,0.158590881739607,0.113453337532151,0.127133872680034,0.125908124196631,0.19524262461251,0.117229452732331,0.169749242496204,0.160796262971312,0.143994267954955,0.118062174759067,0.118067480732017,0.104793801110112,0.0745320782831887,0.0332941599154933,0.144803122201598,0.151894854208965,0.133963165672195,0.0539887419173877,0.0979572393374704,0.161526732268818,0.129508946732249,0.121288255532034,0.115147086318081,0.08068393452009,0.134746654764929,0.0516270601274251,0.176598327569908,0.0985206217022536,0.0451646221966323,0.158388844198812,0.112770984554269,0.17082916089179,0.189712808838267,0.0895307689730279,0.0750606269587851,0.142026580027131,0.0708461269424958,0.174210493882293,0.169472563119161,0.128179622522407,0.0785170810600479,0.0751753369350593,0.0751684774309165,0.108455637397429,0.108454456033475,0.0461017651886383,0.100713516021307,0.055877059923842,0.0887470763068672,0.130674830096136,0.194129622705663,0.118387150933052,0.0601733596297303,0.0777003710941706,0.175850670628058,0.0915867115054972,0.092931650745072,0.151280169534316,0.0995490674398431,0.106918734785345,0.149909105451672,0.16905906031762,0.159719154926037,0.0978193687683336,0.136337114605656,0.0489154282632471,0.192753621512635,0.134086342572989,0.106080360309825,0.135510516150164,0.0634763673916751,0.0810488353060075,0.111674280293853,0.0470643096377821,0.0997547261104923,0.133006595396905,0.18373355126669,0.151116928591372,0.0686716030114732,0.126141044203143,0.127239434315125,0.0872400778542991,0.0883030126803507,0.170908996169546,0.181794697359342,0.1686219886621,0.0831909344896871,0.0650379554012768,0.148305963154229,0.17279675811362,0.18661548443192
"48",0.421732908690095,0.160996264235902,0.133084131051882,0.1572833369505,0.18011543644163,0.18184415198142,0.206678071700676,0.162157913451756,0.1279325089251,0.179119379056255,0.165569066065298,0.167858490339797,0.170159146948804,0.125354622879119,0.196285270193137,0.155834558441385,0.179115402185847,0.11960874465274,0.184974844233839,0.14201076214253,0.185414797267209,0.0916470598765889,0.0685588821366568,0.127792580981925,0.154661656134473,0.179126716600801,0.142690419335805,0.142774609011065,0.147705321979378,0.150769991788773,0.123374451108259,0.106227208630489,0.130267980731891,0.0939320957937214,0.121447401141665,0.128522853416055,0.184250567612661,0.144090958258257,0.111206058189911,0.20740301536854,0.156231286480344,0.186823516772676,0.17541500715776,0.102560312154514,0.084700570084291,0.136839917833507,0.0896292975667893,0.101752535109031,0.147584478345025,0.151941900178164,0.0871411390391814,0.0770888715088972,0.161998165536869,0.143671727287396,0.158293833466234,0.0730366030950978,0.114560062678901,0.114328833288598,0.104245679143354,0.132953763553369,0.172276798402312,0.17611005827651,0.165333651406756,0.137559982811456,0.123851760204785,0.133963678919183,0.110413124461209,0.12671048041336,0.107321717649245,0.142690793441817,0.179254837152449,0.188492060979401,0.0973958617171674,0.0922549787397455,0.135489427196619,0.105345855481402,0.15964146137942,0.159977370630852,0.144249764343382,0.17048129767111,0.195782686462389,0.139207433324874,0.173427642445946,0.148514118258049,0.135034029092268,0.133933633021694,0.112827899655817,0.210770386287964,0.127604556820723,0.12622581057105,0.10348432624409,0.123511316225066,0.100736664739846,0.186874084452619,0.114084636601092,0.172691437397348,0.193355404225603,0.130758707606975,0.140330042466965,0.135581957695236,0.154380599250021
"49",1.19736093333831,0.968536240127807,0.904383714910868,0.83150152085308,0.486351197707898,0.268247506885637,0.333036223055347,0.467910029012533,0.553428485937134,0.71911284094874,0.521438109784166,0.102484719995901,0.156473314875619,0.350582567167196,0.179713138110642,0.597547908881628,0.841664817567997,0.77033359980735,0.84879712621279,0.645478358372644,0.921789853253467,0.586290584516477,0.343108031029983,0.185919156481075,0.242725114095541,0.768130011258866,0.77353893515779,0.181885758038878,0.962047395436393,0.440803484015682,0.984167673596766,0.558294243763216,0.804175400074169,0.420532826787404,0.838884903569344,0.385959059637305,0.170462162891862,0.838524585896526,0.913741854708131,0.765851610436377,0.52294149156437,0.188865338169766,0.862886535106595,0.535616560428407,0.544269528956419,0.250731798085618,0.214151908011172,0.678926710459765,0.879671533923751,0.720285843840982,0.988371281247107,0.397696158738738,0.612610009825333,0.164123095813343,0.775626930106849,0.626964053803602,0.532082360200078,0.103256694626585,0.554758754845386,0.555964701364026,0.952132448503291,0.818562553489702,0.464569437002799,0.472836594944784,0.855285437536304,0.868545393673776,0.693520808039035,0.797421685144399,0.69267238504782,0.313522732660024,0.98444651838351,0.374453959908764,0.110022055662852,0.532553721089317,0.476240771142611,0.324549589955493,0.867738851076437,0.157976405799393,0.455374467581129,0.834276738130265,0.602427381768058,0.424831292670202,0.833674281660035,0.410324054852079,0.625910948344974,0.378340817950972,0.657331764782423,0.503902858576185,0.351925874968156,0.348557568233525,0.768347961755763,0.168410894347689,0.564802120856389,0.229238186333465,0.651140452504266,0.2689998753076,0.8302969725296,0.469733151149139,0.391669946768002,0.838883854917853,0.216913832153107
