"","slack_input.X0","slack_input.X1","slack_input.X2","slack_input.X3","slack_input.X4","slack_input.X5","slack_input.X6","slack_input.X7","slack_input.X8","slack_input.X9","slack_input.X10","slack_input.X11","slack_input.X12","slack_input.X13","slack_input.X14","slack_input.X15","slack_input.X16","slack_input.X17","slack_input.X18","slack_input.X19","slack_input.X20","slack_input.X21","slack_input.X22","slack_input.X23","slack_input.X24","slack_input.X25","slack_input.X26","slack_input.X27","slack_input.X28","slack_input.X29","slack_input.X30","slack_input.X31","slack_input.X32","slack_input.X33","slack_input.X34","slack_input.X35","slack_input.X36","slack_input.X37","slack_input.X38","slack_input.X39","slack_input.X40","slack_input.X41","slack_input.X42","slack_input.X43","slack_input.X44","slack_input.X45","slack_input.X46","slack_input.X47","slack_input.X48","slack_input.X49","slack_input.X50","slack_input.X51","slack_input.X52","slack_input.X53","slack_input.X54","slack_input.X55","slack_input.X56","slack_input.X57","slack_input.X58","slack_input.X59","slack_input.X60","slack_input.X61","slack_input.X62","slack_input.X63","slack_input.X64","slack_input.X65","slack_input.X66","slack_input.X67","slack_input.X68","slack_input.X69","slack_input.X70","slack_input.X71","slack_input.X72","slack_input.X73","slack_input.X74","slack_input.X75","slack_input.X76","slack_input.X77","slack_input.X78","slack_input.X79","slack_input.X80","slack_input.X81","slack_input.X82","slack_input.X83","slack_input.X84","slack_input.X85","slack_input.X86","slack_input.X87","slack_input.X88","slack_input.X89","slack_input.X90","slack_input.X91","slack_input.X92","slack_input.X93","slack_input.X94","slack_input.X95","slack_input.X96","slack_input.X97","slack_input.X98","slack_input.X99","Y"
"0",0,0,0,0,0,0,0,0,0,0,0,0,0,0,0,0,0,0,0,0,0,0,0,0,0,0,0,0,0,0,0,0,0,0,0,0,0,0,0,0,0,0,0,0,0,0,0,0,0,0,0,0,0,0,0,0,0,0,0,0,0,0,0,0,0,0,0,0,0,0,0,0,0,0,0,0,0,0,0,0,0,0,0,0,0,0,0,0,0,0,0,0,0,0,0,0,0,0,0,0,0
"1",0,0,0,0,0,0,0,0,0,0,0,0,0,0,0,0,0,0,0,0,0,0,0,0,0,0,0,0,0,0,0,0,0,0,0,0,0,0,0,0,0,0,0,0,0,0,0,0,0,0,0,0,0,0,0,0,0,0,0,0,0,0,0,0,0,0,0,0,0,0,0,0,0,0,0,0,0,0,0,0,0,0,0,0,0,0,0,0,0,0,0,0,0,0,0,0,0,0,0,0,0
"2",0.54174738412217,0.13971669509366,0.367161048810425,0.388366866299731,0.0692559191820006,0.00103497908246073,0.274120251930637,0.420199216147037,0.0808168650362593,0.338597664150166,0.377546676999462,0.153739133637492,0.0567784159112975,0.353479878133873,0.110624366850172,0.114221916060308,0.257900265984417,0.160755513751771,0.109554546714312,0.112530515150555,0.0109766813199774,0.120745302549173,0.0854955108983057,0.00471398016154265,0.147528504144518,0.0811545141699097,0,0.273022767018186,0.398785332566587,0.0412815424731091,0.393487886871562,0.0276056531723609,0,0.24486727412913,0.348290206540899,0.0634090639350679,0.309278609158836,0.0934373893280186,0.0516965572604688,0.417454746118906,0.174649871941526,0.175789459267475,0.273835459154512,0.339647588854095,0.483626547797789,0.0557979379813486,0.275763571501968,0.434800505619455,0.253329115680597,0.0826336238616245,0.222793527498592,0.156351163988846,0.442522945246403,0.17328725801469,0.373156624307354,0.214811102703921,0.0765316989878782,0.310008033309956,0.291759249905562,0.100296990058462,0.246917591834046,0.055650220987256,0.189807032400637,0.341636006174603,0.17107803927166,0,0.27759444411942,0.268750216272699,0.439525824293517,0.400872639265536,0.42127486880254,0.403831340029903,0.376461094826474,0.0845713275520456,0.385635480502283,0.411587845499401,0.0598241489570575,0.353786767120277,0.193645775359841,0.352997275733447,0.229824281309605,0.329416298219351,0.220454016572713,0.320320537821903,0.443245106202328,0.350271094871992,0.378327842514652,0.135944850258991,0.225938942998625,0.0332081759319967,0.130372191604763,0.362512025762681,0.138047142009807,0.284371650843966,0,0.117145188548207,0.0343815359221378,0.39583462621862,0.422345411106099,0.460703200980876,0
"3",0.0247753529446475,0.119366058954874,0.196971393291065,0.161297786067437,0.131335726665753,0.127081744089146,0.207634956708866,0.20868418165135,0.0669149385812653,0.172826354527631,0.22650304428657,0.115858948281473,0.0500994969995624,0.14954713539883,0.0802644933527007,0.0664353298962922,0.235168439606462,0.155730739826289,0.0925134183728989,0.128464658034793,0.258998794609227,0.0170739238533656,0.232912717349385,0.110355661603774,0.0913602617478118,0.213250305981426,0.0238380881812039,0.236441441410466,0.143818549074396,0.126338337589806,0.0797865161967784,0.238015451621524,0.145212315389149,0.108724982964078,0.0403694405173441,0.0882749570467124,0.0559042267209889,0.144782878178059,0.148460030919684,0.224503672946254,0.205182222763505,0.00185775539359497,0.1371383416158,0.190734359731373,0.141005987248887,0.162879476240517,0.228790266971096,0.229007006167759,0.0979301297186615,0.21303504901852,0.114817433211642,0.0660982183300796,0.0593021707184739,0.03413237221771,0.244663366519193,0.26657909361015,0.0347606116972265,0.19835637613983,0.0788094554396099,0,0.196752175931236,0.169098829552653,0.0350153591894212,0.135491971113108,0.0914131212849503,0.1722512461951,0.24987053395041,0.141293570114714,0.255604467710051,0.0604819118965982,0.111478749540965,0,0.12452555497554,0.166500352793854,0.233339404012766,0.159252849558259,0.133483062193677,0.206788386364069,0.0405413300227355,0.207490435466245,0.0896167888415742,0.251879901855884,0.107462410310264,0.186783348152679,0.142058147533206,0.122570212495762,0.159402118747089,0.0898846668208028,0.0634553104163165,0.0198498467482479,0.0128634771332995,0.178995251372643,0,0.182455111204498,0.241759139768382,0.199754861656989,0.00344916993963884,0.107327875829979,0.0592506757188317,0.172778108698286,0
"4",0,0.253395813228807,0.388284813691157,0.354819531920663,0.0751974079326063,0.4048807267949,0.0755502665469272,0.249398281047834,0.307362256820666,0.47473353934982,0.240280995695438,0.367374966853527,0.255021395537454,0.049243297501043,0.279766542295664,0.129525020147566,0.157505225494906,0.0501993598514373,0.341091728818389,0.502567547317604,0.163267627329029,0.234401773685367,0.210448864874688,0.51049238364132,0.10387111259798,0.492184512678135,0.103369953775107,0.0599100620245453,0.40135795673411,0.0150565532535312,0.368986491504099,0.360114047515644,0.510791490238022,0.0869228424778429,0.489370241815884,0.397533593194656,0.477496606283312,0.414229966471961,0.506831816784427,0.388452619961172,0.20120736881543,0.153194717038629,0.209020824466283,0.432913761069788,0.275460128825103,0.509297037319399,0.0718503329466956,0.396398229060369,0.265706667522237,0.486024886866996,0.156200663486369,0.0376131929989765,0.361637262244879,0.0479096156326126,0.380335728934953,0.302272624287796,0.147071995428399,0.306498471179262,0.426473060742159,0.0633110815253774,0.305143007977054,0.488818451194827,0.1922300088917,0.464532936228752,0.231458667751079,0.276634910315713,0.109557724896167,0.056215372959156,0.21468675005808,0.300032776080114,0.0264222610226442,0.244302013343642,0.26476192874072,0.212582488338079,0.440114557003034,0.28376857309593,0.410951271966338,0.150357052609586,0.104173439953262,0.325093049322909,0.103511421435998,0.448867378980372,0.279836445679265,0.503875574776869,0.140272376054886,0.259612411536738,0.482390726446245,0.358493493180925,0.434090636893881,0.183461883190391,0.42712391502379,0.333204662365763,0.278467653716136,0.430009793068975,0.0633821476761568,0.294932947813906,0.263781873862357,0.404340874220407,0.0843019842179869,0.114791043974263,0
"5",0,0,0,0,0,0,0,0,0,0,0,0,0,0,0,0,0,0,0,0,0,0,0,0,0,0,0,0,0,0,0,0,0,0,0,0,0,0,0,0,0,0,0,0,0,0,0,0,0,0,0,0,0,0,0,0,0,0,0,0,0,0,0,0,0,0,0,0,0,0,0,0,0,0,0,0,0,0,0,0,0,0,0,0,0,0,0,0,0,0,0,0,0,0,0,0,0,0,0,0,0
"6",0,0.036171546706539,0.167557639829499,0.0671805042698834,0.197450358420922,0.222749936453707,0.418939319739464,0.190159184081769,0.42945122603306,0.149607639726274,0.354523983255893,0.385304913667057,0.26239599740058,0.237747339419467,0.0472387741266212,0.274404285230617,0.39768345912062,0.145708024423849,0.210285600532964,0.150998047422673,0.0934555801170024,0.0386245480316604,0.0557503856140533,0.387363014214263,0.202060156950123,0.147901974452425,0.216726762499125,0.298818347764194,0.0232059563001389,0.278765571867081,0.415682480957936,0.359807629262727,0.189103184941508,0.0730513651312843,0.135064486033824,0.204615737887279,0.386023899217379,0.163357580132847,0.256014089199212,0.224070766996058,0.0654939872374793,0.0820526306563904,0.157901219582123,0.282447084043579,0.145633188639912,0.33205644438928,0.433531348807235,0.0943641847081773,0.31789707561703,0.0891417539951443,0.415201865218641,0.43890904557139,0.0734345401197278,0.021488003617284,0.175064809632736,0.0743984735473657,0.189278548056642,0.395151315254824,0.448605345464203,0.259125994300479,0.133367383086765,0.306555150199779,0.294786791605308,0.429984736457701,0.421569728823604,0.0396584989609672,0.300082598600845,0.15051526030398,0.20219625895531,0.420867734709159,0.033260665898007,0.396036152308286,0.0448850786894015,0.318164891136014,0.140541942800653,0.302424251762189,0.131127886861292,0.410786691865664,0.189949753740928,0.230210435583763,0.132662436775913,0.0409837315267152,0.0117244777196882,0.345732550492766,0.18658221115673,0.285044060674261,0.222992636634315,0.244470859794568,0.285223053026899,0.0304486560090174,0.290644812126557,0.181993533139854,0.0489271239582534,0.235434239568539,0.134819667969593,0.0867245471357225,0.240867319430343,0.438515538692774,0.0306792959024098,0.35944835929374,0
"7",-6.29468992929882e-13,0,0,4.15848947724348e-13,0,0,0,0,0,0,0,0,4.55884344148893e-13,0,0,0,0,5.85207337213459e-13,0,0,0,0,0,4.73746354472684e-13,5.87001652644025e-13,0,0,0,0,0,0,0,0,0,0,0,0,0,0,0,0,0,0,4.06345075359329e-13,0,0,0,0,0,0,0,0,0,0,0,0,0,0,0,0,0,0,5.51171317142855e-13,0,0,0,0,0,6.36244615743047e-13,0,0,0,0,5.12715670853489e-13,0,0,4.15940954878743e-13,5.13772299957287e-13,0,0,0,0,0,0,0,0,0,0,0,0,0,0,0,4.03523169529661e-13,0,0,0,4.96775007226769e-13,0,0,0
"8",-7.04280468973362e-13,0,0,0,0,0,0,0,0,0,0,0,0,0,0,0,0,0,0,0,0,0,-8.1557789891432e-13,0,0,0,0,0,0,-6.9208537420772e-13,0,0,4.45584542553427e-13,0,0,0,0,4.56157913659514e-13,-4.37926161457823e-13,0,4.03325251584293e-13,0,0,0,0,0,0,0,0,0,0,-4.95687815956121e-13,0,0,0,0,0,0,0,0,-6.44065217599681e-13,0,0,0,0,6.10495080618383e-13,-5.14382735432186e-13,0,0,0,0,0,0,3.93005340728205e-13,0,0,0,0,0,0,0,0,0,0,0,4.24752573575092e-13,0,0,0,0,0,0,0,0,0,0,0,0,0,0,0
"9",0,0,0,0,0,4.43465743879009e-13,3.88550410498615e-13,0,0,0,0,0,0,0,0,4.63026976576858e-13,0,0,0,0,4.6929020723313e-13,0,0,4.45394270854625e-13,0,0,4.79666929089624e-13,0,4.36887139791426e-13,0,0,0,0,0,0,0,0,0,0,0,0,0,0,0,0,0,0,0,0,0,0,0,0,0,0,0,0,4.12920199088644e-13,0,0,4.77008760135576e-13,0,0,0,-3.94989659035749e-13,0,0,0,0,0,0,0,4.49045167885452e-13,0,0,0,0,0,0,0,0,0,0,-4.384334528428e-13,4.95549693073448e-13,0,0,0,0,4.68765881630233e-13,0,0,5.82647649323367e-13,0,0,0,0,0,0,0,0
"10",0.396093420777243,0.541346268481992,0.584919384615083,0.436814966903124,0.146683827808327,0.581055420999704,0.0718773628989905,0.150326094704096,0.133504563312997,0.0619680855971213,0.532106187284119,0.56087533474507,0.528424762716448,0.573690079399852,0.134476358672592,0.475467811814993,0.299656135346129,0.0832003530634219,0.245148747974714,0.524287317535893,0.208709541444869,0.522147256794925,0.547031150680916,0.474134166735375,0.126634873068633,0.434834567757206,0,0.360607320155997,0.32183816174032,0.168683023978948,0.373848906924847,0.470696581958533,0.100999259439154,0.247884828652579,0.338727892361505,0.317635983724613,0.412924597144013,0.237175056811355,0.188701123140464,0.323376486048799,0.427463095390569,0.216196366472192,0.0228242753316454,0.371585455491587,0.283996050800423,0.496778809390277,0.0445268161145299,0.091742697618294,0.221985877832999,0,0.0907870430588784,0.276741161328936,0.521139909817954,0.38130496459042,0.0826361205259755,0.330077599336668,0.189205000554662,0.42761196892215,0.483560214238982,0.0909799287046002,0.410998098290244,0.344381929864552,0.278482903288261,0.117331697718662,0.38790353207149,0,0.558285899432672,0.505453750532787,0.472299227436034,0.457964267037037,0.0510686245754767,0.38177683925013,0.416434978323395,0.208953012445715,0.15440596261981,0.524273368748066,0.00214446789146174,0.0328695772595063,0.372597935902664,0.158988068883152,0.190917603294352,0.402649633584707,0.331423400454958,0.0805733645501366,0,0.286405433365664,0.390952980262782,0.433749250104178,0.17846308463001,0.171477893050186,0.0746756143149825,0.0146185759500482,0.537550543007199,0.443027068818099,0.36533955996393,0.39467208721379,0.469645816819035,0.577923106899332,0.416649422593654,0.144605032475956,0
"11",0.00968256771313454,0.332083382243954,0.212550068074914,0.0397117251765078,0.234185287594614,0.326623961599599,0.117983027079881,0.272243085547549,0.214920601078152,0.129421967440605,0.249831907671067,0.204641707398703,0.330224891359348,0.0335655020344965,0.233271171719127,0.00257902183862688,0.0756432495772857,0.12743681112,0.138207001006693,0.0437625383047101,0.354283051876654,0.264454870698567,0.269625916828014,0.0905853687195144,0.0178275808763186,0.217290823831035,0.32609349860635,0.210807036027716,0.0275274185879981,0.248053477151989,0.320829032001897,0.232636422273873,0.327879812543232,0.123761250506964,0.248252672465676,0.211667500040857,0.164650351110168,0.257900293717234,0.213226158363849,0,0.288885284918501,0.29854840755508,0.214136952659437,0.341924964741542,0.102754191183826,0.182222568003807,0.158441649673268,0.209314496962359,0.195238603030397,0.275722725977428,0.0381582323615011,0.32458516788572,0.266432631242858,0.0741994895309894,0.253578664697581,0.308510550750304,0.304920814877632,0.362585282722095,0.115974665251252,0.135856904420671,0.0839924859721808,0.275511846127862,0.132462598143097,0.348970135332461,0.157956287322989,0.227197304380415,0.15983846438213,0.117947549563931,0.265918199456409,0.0910456374915327,0.218279291051061,0,0.253078204222546,0.0211430397160646,0.168755256102461,0.156798453225902,0.189408525182605,0.240831105445271,7.03176074922911e-05,0.188192338964893,0.242768511279134,0.27313122410436,0.233733059674046,0.35329448699913,0,0.0407198678037209,0.277325234405171,0.296939891848427,0.189612320468075,0.0979915897116746,0.0962342358748839,0.106357086614856,0.0819459138690644,0.0897622051896367,0.198999114989556,0.339584091259598,0.271097414161918,0.35759792214143,0.239042618756939,0.309620418884963,0
"12",0,0.199549541303534,0.200657347316108,0.116206974675628,0.163706352076877,0.0451978404780237,0.0883783645020229,0.157314100277759,0.0603909318437174,0.0774910097429278,0.00755674286781935,0.151065846880141,0.075229645367386,0.150037702184195,0.151899039143777,0.0288698529402911,0.200649186810682,0.089079198874848,0.0392727727624378,0.052430259038707,0.168366140244239,0.102896199442046,0.129185342172191,0.113933581928544,0.093434426648261,0.00757885961682257,0.054080267216334,0.0468538219493525,0.178518159654076,0.123382705801028,0.0217444809236274,0.0491732361042307,0.100483208108014,0.13971149806183,0.00643335239023461,0.205088282734644,0.0863314903106416,0.173048383574057,0.0811027299023878,0.105766915711104,0.17896202152065,0.192640663429171,0.0765204138653247,0.195939195120532,0.0572882049959134,0.102768238143522,0.0983680476705358,0.158916712002983,0.092873697595825,0.112157534047879,0.0949835904630019,0.0220292477828381,0.0182759719879074,0.0348477386057265,0.153891568312494,0.030785243136395,0.127808896185671,0.156449641831065,0.0141867217569829,0.161754264756491,0.0557316460323691,0.102242327318497,0.207325512621998,0.212500216982357,0.139721954580267,0.0185369591407514,0.0882276434268,0.039452228586746,0.202004748580786,0.012466450521308,0.18891389511666,0.177554709282943,0.0154953312632971,0.207184656824718,0.0594369580315433,0.0531588686171688,0.00629296144660711,0.069575412552067,0.154454839931672,0.0178842489466195,0.0624754926326992,0.120542786627981,0.027645956698111,0.11424364911007,0.0788584930852707,0.131446266476865,0.0401044721089023,0.0200346044568786,0.0264708363236838,0.163747400508587,0.141911696530908,0.0764945710897845,0.146381335978323,0.181877067571986,0.127379690566313,0.0947164287525125,0.0469941659845091,0.043085375517304,0.162291229729916,0.0629222328908715,0
"13",0,-4.46334422398888e-13,0,0,0,-5.05752523360197e-13,0,-5.00617075051477e-13,0,0,0,0,0,-9.0360668562699e-13,0,-6.09928056398632e-13,0,0,0,0,0,0,0,0,0,0,0,0,0,0,0,-5.06814219312755e-13,0,-5.63752394716584e-13,0,0,0,0,0,-5.58715738989616e-13,0,-5.08989753626763e-13,0,-5.77557216785356e-13,0,0,0,0,-6.25947957514043e-13,0,0,0,0,0,-6.00618547891238e-13,0,0,-4.68675273256305e-13,0,0,-7.54979382231497e-13,0,-5.00565837939552e-13,0,-6.56071088629088e-13,0,0,0,-9.27109477410906e-13,0,0,0,0,0,0,0,0,0,0,0,0,0,-7.88488615680963e-13,-7.56876740327644e-13,0,-5.81163786643395e-13,0,0,-7.00011829665391e-13,-5.18313745956958e-13,-5.32601083787462e-13,0,0,0,0,0,-6.31656095541123e-13,0,-7.01421637643189e-13,-3.96046559135283e-13,0
"14",0,0,0,0,0,0,0,0,0,0,0,0,0,0,0,0,0,0,0,0,0,0,0,0,0,0,0,0,0,0,0,0,0,0,0,0,0,0,0,0,0,0,0,0,0,0,0,0,0,0,0,0,0,0,0,0,0,0,0,0,0,0,0,0,0,0,0,0,0,0,0,0,0,0,0,0,0,0,0,0,0,0,0,0,0,0,0,0,0,0,0,0,0,0,0,0,0,0,0,0,0
"15",0,0,0,0,0,0,0,0,0,0,0,0,0,0,0,0,0,0,0,0,0,0,0,0,0,0,0,0,0,0,0,0,0,0,0,0,0,0,0,0,0,0,0,0,0,0,0,0,0,0,0,0,0,0,0,0,0,0,0,0,0,0,0,0,0,0,0,0,0,0,0,0,0,0,0,0,0,0,0,0,0,0,0,0,0,0,0,0,0,0,0,0,0,0,0,0,0,0,0,0,0
"16",0,0,0,0,0,0,0,0,0,0,0,0,0,0,0,0,0,0,0,0,0,0,0,0,0,0,0,0,0,0,0,0,0,0,0,0,0,0,0,0,0,0,0,0,0,0,0,0,0,0,0,0,0,0,0,0,0,0,0,0,0,0,0,0,0,0,0,0,0,0,0,0,0,0,0,0,0,0,0,0,0,0,0,0,0,0,0,0,0,0,0,0,0,0,0,0,0,0,0,0,0
"17",0,0,0,0,0,0,0,0,0,0,0,0,0,0,0,0,0,0,0,0,0,0,0,0,0,0,0,0,0,0,0,0,0,0,0,0,0,0,0,0,0,0,0,0,0,0,0,0,0,0,0,0,0,0,0,0,0,0,0,0,0,0,0,0,0,0,0,0,0,0,0,0,0,0,0,0,0,0,0,0,0,0,0,0,0,0,0,0,0,0,0,0,0,0,0,0,0,0,0,0,0
"18",-7.40408188017982e-13,0,0,0,0,0,-6.42297617354853e-13,0,0,0,0,-6.15621085744739e-13,-7.15466523526533e-13,0,0,0,0,0,-4.32569591922948e-13,0,0,0,-6.9829681835689e-13,-6.20232119832652e-13,-7.36451766796637e-13,-4.66337332597702e-13,0,-3.98157581862161e-13,0,0,0,0,0,0,0,0,0,0,0,0,0,-8.66087661619388e-13,-6.34273064433088e-13,0,0,0,0,-7.42982053292436e-13,0,-7.76881299451792e-13,0,0,-8.42051133046039e-13,0,0,0,0,-4.31577539082491e-13,0,0,0,0,-3.88778602133313e-13,0,0,0,0,0,-5.33272041195871e-13,0,0,-6.98598256032746e-13,-6.8847991596282e-13,0,0,-7.11850117891825e-13,0,-6.35853548858325e-13,0,0,-6.39336429056279e-13,0,0,-3.9241681629821e-13,0,-6.38712368406475e-13,0,0,-8.53429140716092e-13,0,-5.3100124437685e-13,0,-4.03876304330908e-13,0,0,0,-7.48320809757161e-13,0,0,0,0
"19",0,0.299975832250739,0.467293546408707,0.414337016947071,0.140638874716737,0.247619309547066,0.174271034372006,0.365495638290689,0.34225156985501,0.564857621545632,0.0527840635412003,0.528132901730873,0.377211007365557,0.426896024715099,0.380299774518957,0.505760630958464,0.789483515093237,0.743328361810701,0.605653074816573,0.354312316553317,0.744952891974866,0.090273263052515,0.727369170721664,0.461859196066172,0.640294909360484,0.2180808983554,0.611966318213215,0.478114344404892,0.462290863563097,0.280157593764356,0.563991995070595,0.227361613904811,0.291607920789025,0.178401859735483,0.300174307642075,0.67489423022805,0.0494709465290971,0.297805169153717,0.807947874386653,0.0872171135109475,0.115423187681664,0.300562247334008,0.277566187533336,0.274427761915494,0.840835352755266,0.0545596613866462,0.415332943643826,0.189799067494602,0.23072456929723,0.17109998304819,0.776785824303396,0.820798881638287,0.737537697041633,0.31311004125624,0.466471453931826,0.756249749456558,0.796295055358929,0.224387464368371,0.58383406660135,0.105046468814448,0.605144463409765,0.205000565623282,0.139516841311286,0.591532926086244,0.133467357442279,0.818984770373629,0.336663991717268,0.574548224581465,0.370898274812855,0.163290097200281,0.09778674182311,0.207461497692423,0.0431379989771571,0.444746929561566,0.386424245525825,0.737455335763797,0.213102106117634,0.646656482264935,0.524329100879583,0.176995106673561,0.356034810685031,0.416025538425137,0.633800206468207,0.384564975642023,0.221555100960367,0.670775965277534,0.43023205315915,0.288463456511767,0.493750871016439,0.461632923779081,0.128631119094357,0.834849921770447,0.598506812656193,0.368642472150747,0.655728092135746,0.110546678080124,0.806222654675561,0.642497910021263,0.80147472717448,0.102412724268307,0
"20",0.414882099341937,0.499580995431724,0.166807179963453,0.361008878846645,0.728693608236861,0,0.0920334942886472,0.432030195253305,0.272662062696947,0.230083586166626,0.36816856047915,0.540031488328105,0.1419150813588,0.779056563219793,0.33166934845086,0.51549902329691,0,0.646050491115553,0.491009466905608,0.560826118481163,0,0.184776950775908,0.487976353019869,0.136144885934603,0.343852527858154,0.442583612856325,0.570898729281123,0.457704826958753,0.00592232277926832,0.344081770825871,0.735793658223554,0.268581302270964,0.157040844339654,0.419226701382059,0.433610342545808,0.0254666269267567,0.424829464161669,0.487290943994825,0.175057170151163,0.548345234817602,0.261869025807703,0.175251439990128,0.113474625632902,0.0521568981259375,0.606076596259328,0.258207726148296,0.334340455226533,0.668964323918918,0.433653638506394,0.685817313762753,0.675997307268292,0.721556469763812,0.223681448824627,0,0.214839656483718,0.16850641687633,0.384879144784346,0.424423524183577,0.37192126441339,0.0714570714141381,0.422456077753041,0.361908448583964,0.69569756769009,0.365794086702828,0.132651021770862,0.591651806477466,0.356734045115001,0.0594916296510792,0.521614290289636,0.467642545110641,0.0747228510238188,0.680630961715984,0.218196255304069,0.707758020066749,0.499292757665085,0.435630315248796,0.311671782347519,0.555845562376019,0.661122778716593,0.00507716191991751,0.398130608771032,0.405764346033631,0.576904430199938,0.721574253101452,0.592423262261718,0.522764571676282,0.233873301660234,0.554596195684834,0.269839464990755,0.0429770430060115,0.443648123931056,0.760607346184216,0.591899080473002,0,0,0.019697013564371,0.648271557718524,0.385713804015486,0.44532746344169,0.417903147455049,0
"21",0.0384735627527777,0.207362610548643,0.373757092388378,0.292579384492405,0.229884633971128,0.349438288410316,0.250935203040276,0.161857027587665,0.0728010910152591,0.0065663949548856,0.133967109256824,0.120197599129772,0.149055574701602,0.256699809283922,0.101138588843838,0.298738366274776,0.0148006159734159,0.0185380380335227,0.0589666696686266,0.0875965041600061,0.345392922702427,0.274660290337553,0.293947621996395,0.384206751467461,0.316531565407625,0.284981924245479,0.225514960079003,0.312160910855309,0.291278696693789,0.268009011995072,0.00305848365758407,0.356051600317731,0.15068234919518,0.113962331990169,0.208379759887824,0.0826446762878348,0.32902965784219,0.330432667879232,0.388354308214271,0.148272013234234,0.373261386503499,0.263888596850302,0.248815705550172,0.0857141764713723,0.209510759604475,0.1561309700161,0.12047094207584,0.175936705030208,0.280065437311439,0,0.244810045342353,0.362767023108502,0.281861210036708,0.166874318305498,0.176605590111006,0.159214200433752,0.323768096639184,0.322797835499374,0.138503032816523,0.3448662047281,0.0309270587209934,0.168277957345251,0.229205305162299,0.312093231493641,0,0.18948898924574,0.364102150839934,0.313680043753749,0.283492548808155,0.192785011068101,0.136112564433609,0.348031922282109,0.0299391626668883,0.236296147031431,0,0.332339936767433,0.166694259335598,0.0954722093865027,0.233066311039019,0.038291624518811,0.329519838129787,0.150045607654897,0.238742605787302,0.304083350871702,0.31206917986703,0.223848491030768,0.0141120454123033,0.0483712032661599,0.394004425405256,0.198499326940576,0.340466924255726,0.0539242160050236,0.244307612768126,0.0862607935896747,0.268814401059128,0.234390601637916,0.145777740765821,0.369284525237226,0.210118078360281,0.272211230302098,0
"22",-6.73844670965122e-13,0,-6.07614918579386e-13,0,0,0,0,0,0,0,0,0,0,0,0,0,0,0,0,0,-5.8539125503151e-13,0,0,0,0,0,0,0,0,0,0,-6.47891440780623e-13,0,0,0,0,0,0,-6.00286075840049e-13,-5.94832399365986e-13,-6.136296643558e-13,0,0,-5.61069236661984e-13,0,0,0,0,0,0,0,0,0,0,0,-4.17116709109453e-13,0,0,0,0,0,0,-5.19442484943959e-13,0,0,-5.36666225400481e-13,0,0,0,0,0,-6.85590275205536e-13,0,0,0,0,0,0,0,0,0,0,0,0,0,0,0,0,0,0,0,-5.54170696943636e-13,-4.84690747957636e-13,0,0,0,0,0,0,0,0
"23",1.22307821354235,0.754825836115522,0.256442718590988,0.633455436375388,0.577710290542507,0.16406224733023,0.626715469016463,0.213380169311027,0.363149226720962,0.16025615460071,0.103697314339212,0.56472403143735,0.122020077497065,0.466247362825134,0.190086305531622,0.234594669247636,0,0.0018521092404599,0,0.554407807858781,0.116017962271528,0.549931795011143,0.0593383909002926,0.748387391510619,0.344166235560941,0.019885582141766,0.636607935658186,0.383265965649972,0.531829198372482,0.126986656509073,0.657782420785241,0.234336568893733,0.157087841408819,0.45309815957815,0.224755493497405,0.0455136062628378,0.255499472736795,0.643819107396645,0.579163414733661,0.359972090456381,0.0874685809336245,0.456484875026423,0.124271273615147,0.649480893192626,0.461804326717007,0.00467164570373461,0.557641610540416,0.282368426315736,0.714554267756245,0.540745656255557,0.320493947547736,0.432834027726518,0.299473167821761,0.000961075874178693,0.198930830835878,0.494073057050291,0.384857663582252,0.59007434073767,0.0897671578051046,0.629956511672342,0.299840041532636,0.0838529365949159,0.243455499894829,0.723524024119652,0.519762903758183,0.798894315774295,0.5789210463605,0.586860118644755,0.314705080723618,0.191169479134685,0.628028090332923,0.285175940640448,0.0199602793983772,0.708932128488731,0.741221654147065,0.560867241419276,0.181707662139842,0.648406241457155,0.553557853489602,0.313831012277221,0.642630356434651,0.426793070201055,0,0.0494547096481858,0.463565192311504,0.548933698279991,0.0525220082615902,0.493136224128955,0.20957276273132,0.229766583648298,0.295649422750511,0.499551492228053,0.52772400097188,0.226372164820476,0.3603537154851,0.727861178092697,0.3544913701084,0.206802266718299,0.248996903479763,0.700371443398895,0
"24",0,0,0,4.54685415543432e-13,0,4.62212250324803e-13,0,0,0,0,0,-4.43400376628109e-13,0,-4.28467359732481e-13,0,4.5093948965305e-13,0,0,-4.12738895187421e-13,4.94124033844766e-13,0,0,4.45478341045562e-13,0,0,0,0,0,0,0,0,0,0,0,0,0,0,0,0,0,0,0,0,0,0,0,0,0,0,0,0,4.77560752114034e-13,3.88418828062023e-13,0,0,4.8487575406751e-13,0,0,0,0,0,0,0,0,0,0,0,0,0,0,-4.6706032285132e-13,0,0,4.22529532442914e-13,0,0,0,0,0,0,0,0,4.85103468036959e-13,0,0,4.52226573649033e-13,-4.20783551255307e-13,0,0,0,0,0,0,0,0,0,0,0,0,0,0
"25",0,0,0,0,0,0,0,0,0,0,0,0,0,0,0,0,0,0,0,0,0,0,0,0,0,0,0,0,0,0,0,0,0,0,0,0,0,0,0,0,0,0,0,0,0,0,0,0,0,0,0,0,0,0,0,0,0,0,0,0,0,0,0,0,0,0,0,0,0,0,0,0,0,0,0,0,0,0,0,0,0,0,0,0,0,0,0,0,0,0,0,0,0,0,0,0,0,0,0,0,0
"26",0,0,0,0,0,0,0,0,0,0,0,0,0,0,0,5.53416723100408e-13,0,6.46894561850149e-13,0,0,0,0,0,6.83043921252284e-13,7.54831309855793e-13,0,0,7.13560107318e-13,0,0,6.17443687071371e-13,0,7.28200217242719e-13,0,0,6.81824839685988e-13,0,0,0,0,0,0,0,5.56644382986901e-13,8.41936818203958e-13,0,0,0,0,0,0,0,0,0,0,6.21853774104341e-13,6.94894298450313e-13,0,0,0,0,0,0,0,0,0,3.93885907665784e-13,0,0,0,0,0,0,6.9959642567138e-13,0,0,0,0,0,0,0,0,0,0,0,0,0,4.67809468001509e-13,0,0,5.07353777691246e-13,0,0,4.78072545710655e-13,0,0,0,0,0,0,0
"27",0,0.0427147605435852,0.0561266668958434,0.0344465764881296,0.00980567015862184,0.00836391652917057,0.0399161182058312,0.0565882331680833,0.074496796989118,0.0133529356421957,0.0622441794281141,0.0416511364769757,0.024689287546723,0.0319866830090001,0.0573920010110169,0.0160506578334256,0.0243095415566074,0.000764028349059946,0.0354381724827992,0.0680636072174429,0.0265118520087936,0.0396386782760151,0.0596506940515997,0.0486111383244094,0.0463624132701403,0.000208635368162516,0.0418826735432454,0.0174378685716501,0.0119485202607621,0.031628956791965,0.0577831223802912,0.0452114766963134,0.0729636178967872,0.0788064227000044,0.0199926198536476,0.0718080731933116,0.0657521280757448,0.0209742629659967,0.0534922640022759,0.046717952243095,0.0819145849553542,0.0642371922988762,0.00834000005215512,0.0376270173704646,0.0241337130810111,0.00478758453893721,0.0813301501636577,0.0030710676767858,0.00422175061631398,0.00545619059948712,0.020964188591501,0.0098356972513931,0.0192058164584982,0.0555377363258427,0.0558991795884821,0.0124698162195152,0.0467986948084607,0.0571635686150222,0.0291283995318014,0.0130835913197306,0.031928109193749,0.0751435289387879,0.0517138784132541,0.0603076884912506,0.0455864420700035,0.0194509527460228,0.0390768786817082,0.0623612937421435,0.0192341910399789,0.0708990446799699,0.00691213394068718,0.0294180478666212,0.00321269779522833,0.0379099953060799,0.0807714532057493,0.02710263501254,0.0137763627120842,0.0244267817296431,0.0403595985958991,0.078828269155724,0.0353211726207118,0.0802456951792553,0.0570223795844041,0.0374660065681864,0.0574544643565008,0.0305349332062434,0,0.0244897322721026,0.0629313657150496,0.00771044910381555,0.0557967544669575,0.0432875933938124,0.0369156662299106,0.00316418172932622,0.0246361819129823,0.0108261201810289,0.0193297139040773,0.0505168499287253,0.0715685295429402,0.0329714931095268,0
"28",0.412098025683658,0.465581446795997,0.235836228030207,0.323099927519527,0.222993018880266,0.272286660868453,0.269284843011084,0.456697001816397,0.604397990084242,0.14888693147652,0.0444075923691931,0.277154939806034,0,0.254831756574862,0.365686298338578,0.0356637491094684,0.0757707293429355,0.0864664682453361,0.379614434426916,0.159142641902119,0.371575218072052,0.262172857950811,0.522055617086294,0.445814889565317,0,0.398581403552984,0.46981022260597,0.575457771695012,0.0256444433990191,0.391045357890497,0.589394273605815,0.397011976266967,0.0504981052316188,0.126050363741155,0.0697866163059573,0.51687790486975,0,0.422755384375821,0.192816285489286,0.187835960143453,0.609945682219491,0.01669247267461,0.0249245668508473,0.138253561701453,0.0897510946366514,0.125210709600299,0,0.555157685598265,0.428344135816549,0.171963873103168,0.471110816348771,0.377502386623572,0.157944298976462,0.229207946522965,0.0250629359558829,0.0650421104168008,0.316395356957927,0.525015613637552,0.391732653609935,0.573974821538286,0.560994183372206,0.434124764528677,0.142182812159153,0.161936644109483,0.493730351102875,0.572052056781809,0.176690525627385,0.0297517631432778,0.304600447213349,0.0642957350368125,0.168539202721988,0.250516932793988,0.46838099518999,0.616942156358722,0.143245811499156,0.177837972356298,0,0.239106226656576,0.561581621660069,0.455332838346874,0.591161504064614,0.0673957791919342,0.568228623511311,0.0725290655896996,0.375413632048313,0.379810358528909,0.395933374997828,0,0.332132615638025,0.0523665331899895,0.434932687717731,0.592085900286306,0.272587440801813,0.386140511181398,0.467295839356429,0.598207364841363,0.540655804084268,0.527451831141942,0.15037609595458,0.00640359325002894,0
"29",0,0,0,0,0,0,0,0,0,0,0,0,0,0,0,0,0,0,0,0,0,0,0,0,0,0,0,0,0,0,0,0,0,0,0,0,0,0,0,0,0,0,0,0,0,0,0,0,0,0,0,0,0,0,0,0,0,0,0,0,0,0,0,0,0,0,0,0,0,0,0,0,0,0,0,0,0,0,0,0,0,0,0,0,0,0,0,0,0,0,0,0,0,0,0,0,0,0,0,0,0
"30",0,0,5.99295496711307e-13,0,0,0,0,0,0,0,0,0,5.55562219396913e-13,7.19205643374341e-13,0,0,0,0,0,4.94388697076844e-13,0,0,0,0,5.75669574407654e-13,0,0,0,0,0,0,0,0,0,0,0,0,0,7.03205226910744e-13,0,8.52252096956618e-13,0,3.95821450899145e-13,0,0,0,0,4.87937226609372e-13,0,6.90088523540192e-13,0,0,0,0,0,0,5.69222987161411e-13,0,9.15652852121276e-13,0,0,0,0,0,3.91556114691072e-13,4.25908800386754e-13,0,4.71339957319539e-13,5.79829422075332e-13,6.93537926791401e-13,0,0,0,0,0,0,0,0,0,0,0,0,0,0,0,5.43665532956044e-13,6.90076330183678e-13,0,0,5.72600971219283e-13,0,9.08269302588031e-13,0,0,3.96673440327389e-13,0,4.34900129105344e-13,0,0,0,0
"31",0.261254411920798,0.569450525597299,0.320220145927711,0.4926564633607,0.105585249694543,0.219410857415959,0.0547810697541305,0.767890456199316,0.825516189111487,0.775306817083282,0.366477388111251,0.409641798587287,0.358669041249228,0.628566939846897,0.169121499421638,0.452331835398387,0.562594595327866,0.20309282504842,0.6226309091828,0.587404127788676,0.125700903840178,0.634544152001935,0.163903146956045,0.324833047832122,0.313849305644495,0.827634560367293,0.744525669165015,0.558002057115963,0.448362040640896,0.148666959598977,0.800731460018124,0.121814816644716,0.0979020133151778,0.547469079936662,0.581558144329703,0.829160214699112,0.6347346266493,0.572512540495046,0.704035826900768,0.822249508679659,0.430262102895409,0.3536276493493,0.0285202220099538,0.387224430643069,0.394169565150642,0.54922959239413,0.823764590961612,0.281701604095598,0,0.209678186175535,0.561755890387114,0.476484494266661,0.681511328634888,0.453157201338135,0.463523749199208,0.0278238717196871,0.81146744919554,0.778714816794106,0.755603769954864,0.409384898502972,0.379907630629934,0.840974038576908,0,0.17591325033428,0.571886784304683,0.260883892491048,0.340545677432042,0,0.742147221067268,0.479211483440693,0,0.685726695678839,0.254496407513905,0.846621345522089,0.14722260025049,0.28858968460936,0.278666976619477,0.339374033158144,0.605855340777824,0.83706998704751,0.094182373713969,0.64288419477425,0.0506432711533505,0.668325814044959,0.543372749334403,0.456758782314676,0,0.218461659278697,0.492228276160698,0.699523651492962,0.270548778622987,0.656599167458675,0.559568015523842,0.55739356908813,0.0124028334061306,0.631933586843511,0.533095863251294,0.00821762521350523,0.365081679842865,0.228228261810745,0
"32",0.0592592899569613,0.358763552745664,0.70392288434035,0.683121060647624,0.772002700899556,0.261868940690195,0.493722408188431,0,0.0568154988886642,0.411909920610967,0.357564044546942,0.170561568269556,0.629558615405147,0.444545980809604,0.510616187596284,0.294116868049764,0.147591491299029,0.0754877007346083,0.483043445363329,0.265078566392583,0.0739450026548083,0.328167277635107,0.295885863593141,0.0969447384852948,0.568569000553952,0.255582141349738,0.748882841067043,0.0451772358262396,0.212057839952825,0.262463866893802,0.0292256360881836,0.543624400733706,0.226033725602677,0.880104142982823,0.656232632117057,0.259183597235534,0.0029982545556204,0.0574639905633087,0.603636612048567,0.21138185462863,0.0307348774095696,0.502889827884167,0,0.251776982845917,0.717451819589718,0.191874358212429,0.518885306497225,0.700180980310684,0.349309403392984,0.727293562485623,0.183511744859522,0.202884680857313,0.722857696251238,0.0195197119450512,0.674952684547944,0.0307056863633808,0.501907775028925,0.53040518439209,0.308337457664109,0.60123363456365,0.446869958591266,0.637866809417126,0,0.160039852094668,0.312998480762979,0.324889496409462,0.370269273449808,0.748173165441163,0.643627882939707,0.555983648082621,0.448780990600303,0.373601212227164,0.565008205165181,0.499649254612501,0,0.161211007337271,0.295158156053603,0.36487211340258,0.479875935378901,0.219417612457284,0.1471342867849,0.0232215331449659,0.490966939111286,0.412980215957174,0.250167276063034,0.243120061697833,0.55071290950458,0.636957774782372,0.840923983471242,0.353962508270844,0.131434758411478,0.481298442558816,0.10587835227865,0.711006924271901,0.47990473486187,0.0836381246512201,0.108710157654865,0.534107917545821,0.466415507587042,0.242551892750341,0
"33",0,0,0,0,0,0,0,0,0,0,0,0,0,0,0,0,0,0,0,0,0,0,0,0,0,0,0,0,0,0,0,0,0,0,0,0,0,0,0,0,0,0,0,0,0,0,0,0,0,0,0,0,0,0,0,0,0,0,0,0,0,0,0,0,0,0,0,0,0,0,0,0,0,0,0,0,0,0,0,0,0,0,0,0,0,0,0,0,0,0,0,0,0,0,0,0,0,0,0,0,0
"34",0,7.23648103505556e-13,0,0,0,0,0,0,0,0,0,0,0,0,0,0,0,0,0,0,3.89832339952469e-13,0,0,0,0,4.31718230693216e-13,0,0,0,0,0,5.90054130120335e-13,0,0,0,0,0,0,0,-4.02463309592455e-13,0,0,0,0,0,0,0,0,0,0,0,0,0,0,0,0,0,4.28373964098631e-13,0,0,0,4.1824913846145e-13,0,0,5.0773592358051e-13,0,0,0,0,0,0,0,4.10168818860227e-13,0,0,0,0,0,0,0,0,0,0,5.9606457582955e-13,0,0,0,0,0,0,0,0,0,0,0,0,4.25200179822748e-13,0,0,5.15313270726225e-13,0
"35",0,0,0,0,0,0,0,0,0,0,0,0,0,0,0,0,0,0,0,0,0,0,0,0,0,0,0,0,0,0,0,0,0,0,0,0,0,0,0,0,0,0,0,0,0,0,0,0,0,0,0,0,0,0,0,0,0,0,0,0,0,0,0,0,0,0,0,0,0,0,0,0,0,0,0,0,0,0,0,0,0,0,0,0,0,0,0,0,0,0,0,0,0,0,0,0,0,0,0,0,0
"36",0,0,0,0,0,0,0,0,0,0,0,0,0,0,0,0,0,0,0,0,0,0,0,0,0,0,0,0,0,0,0,0,0,0,0,0,0,0,0,0,0,0,0,0,0,0,0,0,0,0,0,0,0,0,0,0,0,0,0,0,0,0,0,0,0,0,0,0,0,0,0,0,0,0,0,0,0,0,0,0,0,0,0,0,0,0,0,0,0,0,0,0,0,0,0,0,0,0,0,0,0
"37",0,0.0878884134882447,0.212430605459843,0.169522864437667,0.00821589535676983,0.266552129202831,0.063019524721435,0.261890269357868,0.0640881548172777,0.0665705674778972,0.22207601884915,0.223595547681507,0.110414095730569,0.204052115475698,0.329672338712122,0.0451741365967239,0.3013490756831,0.288271316553521,0.132769606624395,0.207967204873792,0.303745434080238,0.117149531266374,0.152994143422621,0.248267668679422,0.180942561841522,0.159352815842806,0.270010663753244,0.0671964894077465,0.175114315877408,0.30436609952309,0.0223631394439216,0.322215633952766,0.331595160976304,0.17544356783456,0.140774817302502,0.0414078124571728,0.20958129967314,0.29792676380714,0.0981990526188242,0.306804150730835,0.311764626404526,0.0488121899309555,0.00810532527845291,0.336394235251324,0.123717614760631,0.317530806983906,0.148083084264781,0.135779069054874,0.269686845814792,0.1117430348659,0.206069152781587,0.106870380350925,0.306575422338147,0.24139963022581,0.182091203987085,0.244032652359392,0.314663456599497,0.204457120994673,0.0805996417076787,0.349047380155224,0.21374200521541,0.0400334465878456,0.326905651129735,0.27541483834813,0.233595724808378,0.0328898991143637,0.34834768137662,0.031669352987314,0.135260254459306,0.272157780984091,0.138067284793315,0.121286689362779,0.170528101361533,0.291258323017079,0.313187157898948,0.323728391798383,0.0962226593534624,0.280608946738637,0.134865269881566,0.00620922825016508,0.225754220038467,0.0502791419568207,0.113309699140037,0.0586719705644057,0.0918469514594465,0.0348959643306175,0.00419784652731916,0.0558148951074296,0.359934026576814,0.189791562206337,0.0627225737291685,0.037076238557113,0.215417943352206,0.0633759395003657,0.129001289023903,0.218650560211328,0.105396868361196,0.0643602394945586,0.123772987125564,0.261087680056193,0
"38",0,0,0,0,0,0,0,0,0,0,0,0,0,0,0,0,0,0,0,0,0,0,0,0,0,0,0,0,0,0,0,0,0,0,0,0,0,0,0,0,0,0,0,0,0,0,0,0,0,0,0,0,0,0,0,0,0,0,0,0,0,0,0,0,0,0,0,0,0,0,0,0,0,0,0,0,0,0,0,0,0,0,0,0,0,0,0,0,0,0,0,0,0,0,0,0,0,0,0,0,0
"39",0,0,0,0,0,0,0,0,0,0,0,0,0,0,0,0,0,0,0,0,0,0,0,0,0,0,0,0,0,0,0,0,0,0,0,0,0,0,0,0,0,0,0,0,0,0,0,0,0,0,0,0,0,0,0,0,0,0,0,0,0,0,0,0,0,0,0,0,0,0,0,0,0,0,0,0,0,0,0,0,0,0,0,0,0,0,0,0,0,0,0,0,0,0,0,0,0,0,0,0,0
"40",0,0,0,0,0,4.68360298137671e-13,0,0,0,0,0,0,0,0,0,6.06987856876624e-13,0,0,5.22508812470947e-13,0,0,7.86878398389594e-13,0,5.786732964096e-13,0,0,0,0,0,0,0,0,0,0,0,0,0,0,4.88359266867422e-13,0,6.42272510814933e-13,0,0,0,4.91331240803592e-13,0,5.65676626240758e-13,4.64181981495304e-13,6.03242420226834e-13,4.48803443873642e-13,0,0,0,0,0,0,0,0,0,0,0,0,0,0,0,4.12909598786861e-13,0,0,0,0,0,0,0,4.96771160195266e-13,0,0,0,0,0,0,0,0,0,5.32609407456228e-13,0,0,0,0,0,0,5.9906713930108e-13,0,7.03526465608679e-13,0,0,0,0,0,0,0,0
"41",0.248285070876446,0.235156799810407,0.270070478318116,0.286818208962067,0.0499773893736819,0.129314516093419,0,0.269004486074438,0.0530728174882251,0.0076012331069229,0.123902427183686,0.127349849829113,0.00202922223249088,0.286172913376528,0.0815678276003577,0.243110198626583,0,0.225336278204221,0.183205081512589,0.142801674211873,0.0502027907017642,0.162248449863644,0.125522280086448,0.239225619400158,0.123835474711257,0.0377161676324618,0.0228016706217007,0.326705301582979,0.252255992261979,0.149424330858566,0.253561368151332,0.0844950004174316,0.0362999041982071,0.218944837385242,0.12325367221551,0.110988022147379,0.154276331133436,0.284110588096169,0.0608021538587162,0.132198233408971,0.152141453233806,0.081383895422221,0.0200272460393366,0.0118551798271794,0.281654501746443,0.181992734461055,0.0816551205159262,0.0433376448241089,0.238087899597181,0.0705196821431595,0.0470554257520685,0.327357056015373,0.158375120333035,0.266079472172535,0.240357971969033,0.103848822953691,0.229737713293974,0.267979856392211,0.339930145290586,0.308897755680616,0.0961032450187283,0.228238229847736,0.177870080552867,0.0401565569964313,0.0723449497039737,0.220661746372595,0.164681031978714,0.0725475553553295,0.066761005681321,0.153549666847705,0.155513720803149,0.218310037084603,0.112926828781238,0.154334967392954,0.237991461295642,0.0350799013243495,0.307011818573923,0.0474372901827826,0.331425587257396,0.00181889864251606,0.0306945760282902,0.18025902934986,0,0.052230129739103,0.222497960363604,0.158915515559135,0,0,0.164853684271764,0.210132436250819,0.141281221127677,0.131667840360479,0.22618587097557,0.293422808648188,0.134381514938535,0.247801432340492,0.338626540072434,0.070379016193334,0.045122169567788,0.117965585234125,0
"42",1.3909418500009e-12,4.22365421294935e-12,4.50297155117236e-12,2.63215604894679e-12,0,-1.8153473050593e-12,0,3.90126770820177e-12,3.29225798777277e-12,-2.48873102333612e-12,1.37404484166681e-12,0,5.71759331678946e-12,4.24068332801176e-12,-8.16284068734609e-13,1.16001405569194e-12,2.63129580039364e-12,0,4.0751951779027e-12,3.53484038874839e-12,1.14847724947089e-12,4.86376957723971e-12,1.1586907314863e-12,2.17989902364856e-12,1.08959292814622e-12,-1.06871255474989e-12,0,3.62792910923335e-12,6.80545836517691e-13,-7.07476353751744e-13,0,2.80220114391135e-12,3.89126602118337e-12,4.44672915831511e-12,0,4.73613224090622e-12,3.51703252371623e-12,4.20755647267144e-12,5.99014976178899e-12,1.13559005249688e-12,4.83506925900757e-12,-1.87095610760577e-12,4.32463539566948e-12,5.434991806814e-13,4.37560657098292e-12,1.07070907245996e-12,1.03319089957771e-12,1.65952931876827e-12,0,0,1.89560667439557e-12,3.9966028207422e-12,3.81568972898306e-12,1.29982290088787e-12,3.42007296295269e-12,1.2874638346509e-12,0,4.32161890640853e-12,1.65099361437104e-12,1.71688875976731e-12,0,-6.26866161407675e-13,1.9069884982955e-12,5.14516564330116e-12,1.89288685507043e-12,4.05637517029515e-12,3.49265460002207e-12,2.40987494917857e-12,5.45717847281377e-12,2.2947408883817e-12,-2.7765427516504e-12,0,2.27539762350614e-12,0,2.44144457240311e-12,4.25066684142435e-12,1.57911347759614e-12,5.34971455452593e-13,6.39465612477236e-12,0,3.89205753233782e-12,4.02874393774442e-12,-5.47732091864659e-13,0,4.52609282635446e-12,2.74602481979574e-12,4.16711123070143e-12,-6.4224895312055e-13,3.41042079784068e-12,6.72144208751934e-12,5.7931367393727e-12,3.36069569487198e-12,3.6944195772944e-12,-8.08042933521659e-13,0,7.83986438199234e-13,4.16199582683192e-12,6.96473401772292e-13,5.26430677894854e-12,4.76880819877626e-13,0
"43",0,0.351782484209268,0.0653519642607706,0.507424354816336,0.238220998269949,0.379803477406329,0.501103184671139,0.189265426921457,0.449483752830109,0.244616091397751,0.15382127536889,0.135402691454568,0.0452396092127289,0.351946447237375,0.123652745758519,0.335635661434225,0.180933451371249,0.0912448302481562,0.411329875437438,0.37842586160488,0.288876791458123,0.316643275438191,0.177595086349781,0.0689692782515581,0.308228335267264,0.328506380767348,0.00335669214995805,0.54540016313256,0.276153191315067,0.0582185576613531,0.231863688515818,0.516603179784685,0.444043053332587,0.295370781475846,0.0493815177591389,0.321957442524964,0.20631918299507,0.171078230946619,0.12603817833627,0.254553883531081,0.103004513214324,0.477738592812695,0.0477831283936886,0.412837409794845,0.515717004454257,0.137142612812757,0.129963497951128,0.21629720651983,0.0168809914873377,0.177561158204514,0.264108233757943,0.429279365491795,0.094818653137181,0.455729805609886,0.485726064134643,0.474792808413824,0.471335102933454,0.376912917899196,0.420607676624308,0.360779788886656,0.176626632338506,0.435623719687447,0.368416365662492,0.203403100726239,0.465060528958365,0.0529922538094956,0.486115883539256,0.389367062621543,0.0868756276414378,0.188126056410082,0.524654566138776,0.357148519894712,0.457721372203506,0.48241013817168,0.216699914293904,0.129432609003131,0.369783654604988,0.307135077794296,0.356776656727315,0.424520054289366,0.112842525100872,0.525131744747537,0.0540851508444595,0.397641175507337,0.272827555660332,0.491434445316714,0.42917576207791,0.349581576456586,0.0511229635758547,0.0849039803303479,0.478636590865814,0.317868743422026,0.155014763153174,0.211009558997278,0.0246607518169771,0.138983587995277,0.412332060419746,0.410726839282159,0.447618658101359,0.157313831384792,0
"44",0,0,0,0,0,0,0,0,0,0,0,0,0,0,0,0,0,0,0,0,0,0,0,0,0,0,0,0,0,0,0,0,0,0,0,0,0,0,0,0,0,0,0,0,0,0,0,0,0,0,0,0,0,0,0,0,0,0,0,0,0,0,0,0,0,0,0,0,0,0,0,0,0,0,0,0,0,0,0,0,0,0,0,0,0,0,0,0,0,0,0,0,0,0,0,0,0,0,0,0,0
"45",0,0,0,0,0,0,0,0,0,0,0,0,0,0,0,0,0,0,0,0,0,0,0,0,0,0,0,0,0,0,0,0,0,0,0,0,0,0,0,0,0,0,0,0,0,0,0,0,0,0,0,0,0,0,0,0,0,0,0,0,0,0,0,0,0,0,0,0,0,0,0,0,0,0,0,0,0,0,0,0,0,0,0,0,0,0,0,0,0,0,0,0,0,0,0,0,0,0,0,0,0
"46",0,0,0,0,0,0,0,0,0,0,0,0,0,0,0,0,0,0,0,0,0,0,0,0,0,0,0,0,0,0,0,0,0,0,0,0,0,0,0,0,0,0,0,0,0,0,0,0,0,0,0,0,0,0,0,0,0,0,0,0,0,0,0,0,0,0,0,0,0,0,0,0,0,0,0,0,0,0,0,0,0,0,0,0,0,0,0,0,0,0,0,0,0,0,0,0,0,0,0,0,0
"47",0.845510701613493,0.663740928221211,0.212207462530019,0.444153717958883,0.246411753792876,0.393613524994536,0.741860902707924,0.759522165937137,0.628183820141087,0.297878522446036,0.534648356678858,0.703664177486719,0,0.39895237825769,0.624947850371757,0.400194897371762,0,0.686748375137382,0.591073281867635,0.540156510119104,0.143753595979806,0.516652522345519,0.790808488153526,0.887947517581562,0.486741936524905,0.42017174158979,0.0134856295565817,0.454126164739127,0.177396817926056,0.34608789269445,0.156958046224065,0.618939964891441,0.635264041823196,0.148147071938239,0.417126508352069,0.255764781763392,0.193439524238023,0.727579973258344,0.322737740102287,0.38401724602702,0.213965023176936,0.463142862494314,0.62835108522682,0.369211873702177,0.541293299646857,0.336332041183112,0.796652279952778,0.523218918795556,0.675856022752311,0.635028527146426,0.104358343003974,0.104423810688012,0.276834204146592,0.128384438676125,0.605995539648798,0.780457453313103,0.778862285742284,0.828621465685867,0.76472890188983,0.270997691142461,0.684085958210795,0.0811550284344327,0.30873718422337,0.762068417457147,0.110749517541152,0.00409608258329065,0.421868016311669,0.425987469148834,0.644114184428083,0.488031915724882,0.280950192586232,0,0.557737599481653,0.155987437307836,0.34156205405563,0.725094651700463,0.450409050597042,0.438188615170836,0.317816793680522,0.451645974239254,0.0499573495799598,0.0474511548493919,0.74661920264478,0.139392680644877,0.419149105166669,0.352932699941388,0.199601005964727,0.245240170758286,0.271054971214415,0.0601440812438943,0.348561450982256,0.554036263396182,0.687686087627455,0.137627326602653,0.248075011974927,0.219303790614928,0.685113468651041,0.611148488222276,0.125269694913393,0.683083831054716,0
"48",0.0126466204251957,0.0278101330081638,0.0081540591801823,0.292244355642932,0.747782240426008,0.212231474794351,0.532497820748718,0.564247618063168,0.591432077328273,0,0.789579019887801,0.691377598285309,0.241475098224026,0.538288137656256,0.673565029984522,0.173844869224672,0.480841188432261,0.459892034624177,0.433842265345029,0.45861338172982,0.550414565157128,0.23378794956288,0.147222517055233,0.365863206107134,0.0875461553202789,0.633927960842413,0.236769679840135,0.512782717212695,0,0.0486203010240711,0.303574138168904,0.781555512154045,0.148439589943872,0.233045772150202,0.224971814498631,0.418398144267922,0,0.720994797457934,0.0937288661481726,0.550856182912016,0.50819263081964,0.376387097287397,0.489430911103515,0.858560206928644,0.711824857268899,0.356050276693018,0.183311071254363,0.606148304371117,0.526516007569865,0.146060410168406,0.481142648373782,0.177596887341288,0.5622630619204,0.119643357461265,0.430440007749151,0.614343119818077,0.466342412921318,0.782048678809885,0.620861760432293,0,0.278272609978172,0.761364371869738,0.70048347300109,0.596959763942767,0.436156318097576,0.0596382804861724,0.829544410100476,0.679048888925346,0.0735023462581265,0.0659511856586891,0.307000626606493,0.511136333644285,0,0.687218631093635,0.324616033401241,0.481258111218156,0.416053102462068,0.648699853076083,0.0436417741793047,0.203856773620275,0.0828366005102992,0.316460073087525,0.066908710952149,0.518904055484566,0.370298299452711,0.0834026933869858,0.295802580110553,0.655874956318133,0.287793315592213,0.281648821043868,0.150152005280808,0.368025186924418,0.0200432871267175,0.526415909544144,0.549480343309854,0.49765338850023,0.560103869241397,0.0848378405046915,0.468873465526649,0.253330497426357,0
"49",8.83075992901279e-13,0,0,4.77190650741158e-13,0,0,0,0,0,0,0,0,0,0,0,0,3.99792934632854e-13,7.18517546375224e-13,0,0,9.07868313645848e-13,7.57560383546141e-13,0,0,0,0,0,0,8.52638148959711e-13,3.92643188445756e-13,0,4.8325913565654e-13,5.53022071778437e-13,0,7.44941120799643e-13,0,0,0,5.68192367174062e-13,7.43154912086027e-13,6.20153301983503e-13,0,0,6.63342504673624e-13,6.78700019538612e-13,0,0,0,0,0,5.79448883655102e-13,4.27690991692721e-13,6.25763175104134e-13,0,0,0,0,0,6.5149288382657e-13,0,7.46082667121616e-13,0,0,0,7.12460451520517e-13,0,0,7.79803268037429e-13,0,0,9.8001111787229e-13,0,0,5.71884753374239e-13,0,0,8.52051460371217e-13,0,0,6.6398948563966e-13,0,0,4.33653100214857e-13,0,0,0,7.37675295950678e-13,4.26119066579907e-13,0,0,0,0,6.59054032388637e-13,0,5.77433678760159e-13,0,0,0,0,0,0
